date,fed_funds,rate_2y,rate_10y,rate_30y,cpi_index,core_pce,m2,m2_velocity,unemployment,payrolls,lfpr,ig_spread,hy_spread,mortgage_30y,fed_assets,cpi_yoy,real_rate,spread_10_2,inverted,mortgage_spread,m2_yoy,output_gap_proxy,taylor_rule,taylor_gap
1990-01-01,8.23,8.09,8.21,8.26,127.5,59.181,3166.8,1.848,5.4,109196.0,66.8,99.0,335.0,9.895,,,,0.12,0,1.685,,-2.8,,
1990-02-01,8.24,8.37,8.47,8.5,128.0,59.468,3179.2,1.848,5.3,109436.0,66.7,95.0,321.0,10.1975,,,,0.1,0,1.727,,-2.6,,
1990-03-01,8.28,8.63,8.59,8.56,128.6,59.754,3190.1,1.848,5.2,109640.0,66.7,92.0,312.0,10.268,,,,-0.04,1,1.678,,-2.4,,
1990-04-01,8.26,8.72,8.79,8.76,128.9,59.932,3201.6,1.859,5.4,109674.0,66.6,86.0,293.0,10.370000000000001,,,,0.07,0,1.58,,-2.8,,
1990-05-01,8.18,8.64,8.76,8.73,129.1,60.115,3200.6,1.859,5.4,109828.0,66.6,94.0,318.0,10.4775,,,,0.12,0,1.717,,-2.8,,
1990-06-01,8.29,8.35,8.48,8.46,129.9,60.349,3213.7,1.859,5.2,109850.0,66.4,99.0,335.0,10.164,,,,0.13,0,1.684,,-2.4,,
1990-07-01,8.15,8.16,8.47,8.5,130.5,60.501,3224.5,1.856,5.5,109815.0,66.5,98.0,331.0,10.035,,,,0.31,0,1.565,,-3.0,,
1990-08-01,8.13,8.06,8.75,8.86,131.6,60.753,3242.0,1.856,5.7,109607.0,66.5,94.0,320.0,10.1,,,,0.69,0,1.35,,-3.4,,
1990-09-01,8.2,8.08,8.89,9.03,132.5,60.965,3254.6,1.856,5.9,109522.0,66.4,99.0,335.0,10.175,,,,0.81,0,1.285,,-3.8,,
1990-10-01,8.11,7.88,8.72,8.86,133.4,61.172,3259.3,1.839,5.9,109377.0,66.4,115.0,389.0,10.1775,,,,0.84,0,1.457,,-3.8,,
1990-11-01,7.81,7.6,8.39,8.54,133.7,61.246,3262.6,1.839,6.2,109222.0,66.4,127.0,429.0,10.014,,,,0.79,0,1.624,,-4.4,,
1990-12-01,7.31,7.31,8.08,8.24,134.2,61.331,3271.8,1.839,6.3,109168.0,66.4,134.0,454.0,9.6725,,,,0.77,0,1.592,,-4.6,,
1991-01-01,6.91,7.13,8.09,8.27,134.7,61.637,3287.7,1.826,6.4,109058.0,66.2,134.0,454.0,9.6375,,5.647,1.263,0.96,0,1.547,3.82,-4.8,5.571,-1.339
1991-02-01,6.25,6.87,7.85,8.03,134.8,61.807,3304.5,1.826,6.6,108735.0,66.2,125.0,425.0,9.365,,5.313,0.937,0.98,0,1.515,3.94,-5.2,4.87,-1.38
1991-03-01,6.12,7.1,8.11,8.29,134.8,61.936,3321.9,1.826,6.8,108568.0,66.3,112.0,381.0,9.5,,4.821,1.299,1.01,0,1.39,4.13,-5.6,3.932,-2.188
1991-04-01,5.91,6.95,8.04,8.21,135.1,62.06,3332.4,1.833,6.7,108350.0,66.4,108.0,366.0,9.4925,,4.81,1.1,1.09,0,1.453,4.09,-5.4,4.015,-1.895
1991-05-01,5.78,6.78,8.07,8.27,135.6,62.307,3343.0,1.833,6.9,108253.0,66.2,102.0,347.0,9.472,,5.035,0.745,1.29,0,1.402,4.45,-5.8,4.152,-1.628
1991-06-01,5.9,6.96,8.28,8.47,136.0,62.442,3351.9,1.833,6.9,108330.0,66.2,95.0,323.0,9.615,,4.696,1.204,1.32,0,1.335,4.3,-5.8,3.644,-2.256
1991-07-01,5.82,6.92,8.27,8.45,136.2,62.632,3356.1,1.85,6.8,108290.0,66.1,92.0,312.0,9.575,,4.368,1.452,1.35,0,1.305,4.08,-5.6,3.252,-2.568
1991-08-01,5.66,6.43,7.9,8.14,136.6,62.804,3355.0,1.85,6.9,108300.0,66.0,99.0,337.0,9.244,,3.799,1.861,1.47,0,1.344,3.49,-5.8,2.298,-3.362
1991-09-01,5.45,6.18,7.65,7.95,137.0,63.055,3354.9,1.85,6.9,108335.0,66.2,106.0,358.0,9.0075,,3.396,2.054,1.47,0,1.358,3.08,-5.8,1.694,-3.756
1991-10-01,5.21,5.91,7.53,7.93,137.2,63.194,3360.1,1.861,7.0,108361.0,66.1,111.0,377.0,8.855,,2.849,2.361,1.62,0,1.325,3.09,-6.0,0.774,-4.436
1991-11-01,4.81,5.56,7.42,7.92,137.8,63.312,3365.5,1.861,7.0,108300.0,66.1,116.0,393.0,8.712,,3.067,1.743,1.86,0,1.292,3.15,-6.0,1.101,-3.709
1991-12-01,4.43,5.03,7.09,7.7,138.2,63.468,3372.2,1.861,7.3,108330.0,66.0,123.0,418.0,8.497499999999999,,2.981,1.449,2.06,0,1.407,3.07,-6.6,0.672,-3.758
1992-01-01,4.03,4.96,7.03,7.58,138.3,63.641,3381.2,1.874,7.3,108365.0,66.3,119.0,404.0,8.431999999999999,,2.673,1.357,2.07,0,1.402,2.84,-6.6,0.21,-3.82
1992-02-01,4.06,5.21,7.34,7.85,138.6,63.814,3400.0,1.874,7.4,108312.0,66.2,107.0,364.0,8.7625,,2.819,1.241,2.13,0,1.422,2.89,-6.8,0.328,-3.732
1992-03-01,3.98,5.69,7.54,7.97,139.1,63.973,3403.9,1.874,7.4,108367.0,66.4,97.0,329.0,8.935,,3.19,0.79,1.85,0,1.395,2.47,-6.8,0.885,-3.095
1992-04-01,3.73,5.34,7.48,7.96,139.4,64.183,3399.7,1.905,7.4,108516.0,66.5,98.0,333.0,8.8525,,3.183,0.547,2.14,0,1.372,2.02,-6.8,0.874,-2.856
1992-05-01,3.82,5.23,7.39,7.89,139.7,64.273,3398.6,1.905,7.6,108646.0,66.6,99.0,335.0,8.672,,3.024,0.796,2.16,0,1.282,1.66,-7.2,0.436,-3.384
1992-06-01,3.76,5.05,7.26,7.84,140.1,64.323,3393.4,1.905,7.8,108706.0,66.7,102.0,345.0,8.51,,3.015,0.745,2.21,0,1.25,1.24,-7.6,0.223,-3.537
1992-07-01,3.25,4.36,6.84,7.6,140.5,64.566,3393.9,1.931,7.7,108793.0,66.7,113.0,383.0,8.128,,3.157,0.093,2.48,0,1.288,1.13,-7.4,0.535,-2.715
1992-08-01,3.3,4.19,6.59,7.39,140.8,64.625,3398.8,1.931,7.6,108916.0,66.6,118.0,398.0,7.975,,3.075,0.225,2.4,0,1.385,1.31,-7.2,0.513,-2.787
1992-09-01,3.22,3.89,6.42,7.34,141.1,64.73,3410.3,1.931,7.6,108951.0,66.5,125.0,424.0,7.922499999999999,,2.993,0.227,2.53,0,1.502,1.65,-7.2,0.389,-2.831
1992-10-01,3.1,4.08,6.59,7.53,141.7,64.979,3423.8,1.951,7.3,109139.0,66.2,128.0,433.0,8.088,,3.28,-0.18,2.51,0,1.498,1.9,-6.6,1.12,-1.98
1992-11-01,3.09,4.58,6.87,7.61,142.1,65.121,3426.5,1.951,7.4,109283.0,66.3,118.0,400.0,8.305,,3.12,-0.03,2.29,0,1.435,1.81,-6.8,0.78,-2.31
1992-12-01,2.92,4.67,6.77,7.44,142.3,65.242,3424.7,1.951,7.4,109502.0,66.3,116.0,393.0,8.206,,2.967,-0.047,2.1,0,1.436,1.56,-6.8,0.55,-2.37
1993-01-01,3.02,4.39,6.6,7.34,142.8,65.432,3419.1,1.971,7.3,109790.0,66.2,118.0,398.0,7.9925,,3.254,-0.234,2.21,0,1.392,1.12,-6.6,1.081,-1.939
1993-02-01,3.03,4.1,6.26,7.09,143.1,65.557,3414.5,1.971,7.1,110047.0,66.2,121.0,410.0,7.6825,,3.247,-0.217,2.16,0,1.423,0.43,-6.2,1.27,-1.76
1993-03-01,3.07,3.95,5.98,6.82,143.3,65.7,3411.7,1.971,7.0,110004.0,66.2,123.0,418.0,7.495,,3.019,0.051,2.03,0,1.515,0.23,-6.0,1.029,-2.041
1993-04-01,2.96,3.84,5.97,6.85,143.8,65.891,3411.3,1.985,7.1,110300.0,66.1,123.0,418.0,7.4719999999999995,,3.156,-0.196,2.13,0,1.502,0.34,-6.2,1.134,-1.826
1993-05-01,3.0,3.98,6.04,6.92,144.2,66.114,3436.9,1.985,7.1,110571.0,66.4,124.0,420.0,7.465,,3.221,-0.221,2.06,0,1.425,1.13,-6.2,1.232,-1.768
1993-06-01,3.04,4.16,5.96,6.81,144.3,66.177,3442.4,1.985,7.0,110742.0,66.5,120.0,406.0,7.4175,,2.998,0.042,1.8,0,1.458,1.44,-6.0,0.997,-2.043
1993-07-01,3.06,4.07,5.81,6.63,144.5,66.314,3442.0,1.997,6.9,111054.0,66.4,121.0,410.0,7.206,,2.847,0.213,1.74,0,1.396,1.42,-5.8,0.871,-2.189
1993-08-01,3.03,4.0,5.68,6.32,144.8,66.438,3445.7,1.997,6.8,111200.0,66.4,109.0,370.0,7.1125,,2.841,0.189,1.68,0,1.432,1.38,-5.6,0.962,-2.068
1993-09-01,3.09,3.85,5.36,6.0,145.0,66.538,3452.2,1.997,6.7,111448.0,66.2,112.0,381.0,6.915,,2.764,0.326,1.51,0,1.555,1.23,-5.4,0.946,-2.144
1993-10-01,2.99,3.87,5.33,5.94,145.6,66.647,3456.7,2.023,6.8,111734.0,66.3,112.0,381.0,6.8340000000000005,,2.752,0.238,1.46,0,1.504,0.96,-5.6,0.828,-2.162
1993-11-01,3.02,4.16,5.72,6.21,146.0,66.819,3470.1,2.023,6.6,111987.0,66.3,110.0,373.0,7.155,,2.745,0.275,1.56,0,1.435,1.27,-5.2,1.018,-2.002
1993-12-01,2.96,4.21,5.77,6.25,146.3,66.849,3474.5,2.023,6.5,112325.0,66.4,108.0,368.0,7.172,,2.811,0.149,1.56,0,1.402,1.45,-5.0,1.216,-1.744
1994-01-01,3.05,4.14,5.75,6.29,146.3,66.902,3474.9,2.047,6.6,112601.0,66.6,108.0,366.0,7.0600000000000005,,2.451,0.599,1.61,0,1.31,1.63,-5.2,0.576,-2.474
1994-02-01,3.25,4.47,5.97,6.49,146.7,67.047,3475.7,2.047,6.6,112782.0,66.6,102.0,345.0,7.1525,,2.516,0.734,1.5,0,1.182,1.79,-5.2,0.674,-2.576
1994-03-01,3.34,5.0,6.48,6.91,147.1,67.275,3480.1,2.047,6.5,113245.0,66.5,94.0,318.0,7.675,,2.652,0.688,1.48,0,1.195,2.0,-5.0,0.978,-2.362
1994-04-01,3.56,5.55,6.97,7.27,147.2,67.376,3481.3,2.08,6.4,113589.0,66.5,88.0,298.0,8.315999999999999,,2.364,1.196,1.42,0,1.346,2.05,-4.8,0.646,-2.914
1994-05-01,4.01,5.97,7.18,7.41,147.5,67.526,3490.8,2.08,6.1,113922.0,66.6,82.0,277.0,8.5975,,2.288,1.722,1.21,0,1.418,1.57,-4.2,0.832,-3.178
1994-06-01,4.25,5.93,7.1,7.4,147.9,67.676,3479.5,2.08,6.1,114239.0,66.4,88.0,298.0,8.3975,,2.495,1.755,1.17,0,1.298,1.08,-4.2,1.142,-3.108
1994-07-01,4.26,6.13,7.3,7.58,148.4,67.818,3488.2,2.103,6.1,114608.0,66.4,86.0,291.0,8.614,,2.699,1.561,1.17,0,1.314,1.34,-4.2,1.448,-2.812
1994-08-01,4.47,6.18,7.24,7.49,149.0,67.894,3485.7,2.103,6.0,114902.0,66.6,85.0,289.0,8.5125,,2.901,1.569,1.06,0,1.272,1.16,-4.0,1.851,-2.619
1994-09-01,4.73,6.39,7.46,7.71,149.3,67.997,3486.1,2.103,5.9,115246.0,66.6,86.0,293.0,8.64,,2.966,1.764,1.07,0,1.18,0.98,-3.8,2.049,-2.681
1994-10-01,4.76,6.73,7.74,7.94,149.4,68.157,3484.3,2.139,5.8,115457.0,66.7,83.0,281.0,8.925,,2.61,2.15,1.01,0,1.185,0.8,-3.6,1.615,-3.145
1994-11-01,5.29,7.15,7.96,8.08,149.8,68.282,3487.2,2.139,5.6,115867.0,66.7,77.0,262.0,9.17,,2.603,2.687,0.81,0,1.21,0.49,-3.2,1.805,-3.485
1994-12-01,5.45,7.59,7.81,7.87,150.1,68.305,3486.4,2.139,5.5,116174.0,66.7,73.0,248.0,9.198,,2.597,2.853,0.22,0,1.388,0.34,-3.0,1.896,-3.554
1995-01-01,5.53,7.51,7.78,7.85,150.5,68.475,3492.4,2.155,5.6,116505.0,66.8,74.0,250.0,9.1475,,2.871,2.659,0.27,0,1.368,0.5,-3.2,2.206,-3.324
1995-02-01,5.92,7.11,7.47,7.61,150.9,68.587,3489.9,2.155,5.4,116694.0,66.8,78.0,266.0,8.8275,,2.863,3.057,0.36,0,1.358,0.41,-2.8,2.395,-3.525
1995-03-01,5.98,6.78,7.2,7.45,151.2,68.755,3491.1,2.155,5.4,116908.0,66.7,85.0,289.0,8.462,,2.787,3.193,0.42,0,1.262,0.32,-2.8,2.28,-3.7
1995-04-01,6.05,6.57,7.06,7.36,151.8,68.915,3499.2,2.151,5.8,117066.0,66.9,87.0,296.0,8.32,,3.125,2.925,0.49,0,1.26,0.51,-3.6,2.388,-3.662
1995-05-01,6.01,6.17,6.63,6.95,152.1,69.032,3524.2,2.151,5.6,117046.0,66.5,89.0,302.0,7.955,,3.119,2.891,0.46,0,1.325,0.96,-3.2,2.579,-3.431
1995-06-01,6.0,5.72,6.17,6.57,152.4,69.092,3548.9,2.151,5.6,117291.0,66.5,98.0,333.0,7.566,,3.043,2.957,0.45,0,1.396,1.99,-3.2,2.465,-3.535
1995-07-01,5.85,5.78,6.28,6.72,152.6,69.201,3567.4,2.142,5.7,117382.0,66.6,100.0,339.0,7.6075,,2.83,3.02,0.5,0,1.327,2.27,-3.4,2.045,-3.805
1995-08-01,5.74,5.98,6.49,6.86,152.9,69.367,3589.0,2.142,5.7,117646.0,66.6,97.0,327.0,7.86,,2.617,3.123,0.51,0,1.37,2.96,-3.4,1.726,-4.014
1995-09-01,5.8,5.81,6.2,6.55,153.1,69.458,3602.1,2.142,5.6,117873.0,66.6,99.0,335.0,7.636,,2.545,3.255,0.39,0,1.436,3.33,-3.2,1.717,-4.083
1995-10-01,5.76,5.7,6.04,6.37,153.5,69.627,3613.4,2.147,5.5,118026.0,66.6,97.0,329.0,7.475,,2.744,3.016,0.34,0,1.435,3.71,-3.0,2.116,-3.644
1995-11-01,5.8,5.48,5.93,6.26,153.7,69.672,3619.9,2.147,5.6,118165.0,66.5,99.0,337.0,7.3774999999999995,,2.603,3.197,0.45,0,1.447,3.81,-3.2,1.805,-3.995
1995-12-01,5.6,5.32,5.71,6.06,153.9,69.77,3629.5,2.147,5.6,118325.0,66.4,101.0,343.0,7.2,,2.532,3.068,0.39,0,1.49,4.1,-3.2,1.698,-3.902
1996-01-01,5.56,5.11,5.65,6.05,154.7,69.849,3647.9,2.147,5.6,118317.0,66.4,103.0,348.0,7.029999999999999,,2.791,2.769,0.54,0,1.38,4.45,-3.2,2.086,-3.474
1996-02-01,5.22,5.03,5.81,6.24,155.0,69.94,3661.8,2.147,5.5,118738.0,66.6,103.0,350.0,7.075,,2.717,2.503,0.78,0,1.265,4.93,-3.0,2.076,-3.144
1996-03-01,5.31,5.66,6.27,6.6,155.5,70.102,3686.9,2.147,5.5,118992.0,66.6,100.0,341.0,7.624,,2.844,2.466,0.61,0,1.354,5.61,-3.0,2.266,-3.044
1996-04-01,5.22,5.96,6.51,6.79,156.1,70.197,3697.7,2.165,5.6,119158.0,66.7,95.0,323.0,7.925000000000001,,2.833,2.387,0.55,0,1.415,5.67,-3.2,2.15,-3.07
1996-05-01,5.24,6.1,6.74,6.93,156.4,70.319,3709.6,2.165,5.6,119497.0,66.7,89.0,300.0,8.07,,2.827,2.413,0.64,0,1.33,5.26,-3.2,2.14,-3.1
1996-06-01,5.27,6.3,6.91,7.06,156.7,70.373,3722.5,2.165,5.3,119770.0,66.7,85.0,287.0,8.32,,2.822,2.448,0.61,0,1.41,4.89,-2.6,2.433,-2.837
1996-07-01,5.4,6.27,6.87,7.03,157.0,70.505,3737.1,2.171,5.5,120019.0,66.9,85.0,287.0,8.245000000000001,,2.883,2.517,0.6,0,1.375,4.76,-3.0,2.324,-3.076
1996-08-01,5.22,6.03,6.64,6.84,157.2,70.566,3744.0,2.171,5.1,120198.0,66.7,87.0,296.0,8.001999999999999,,2.812,2.408,0.61,0,1.362,4.32,-2.2,2.618,-2.602
1996-09-01,5.3,6.23,6.83,7.03,157.7,70.78,3753.4,2.171,5.2,120400.0,66.9,86.0,291.0,8.23,,3.005,2.295,0.6,0,1.4,4.2,-2.4,2.808,-2.492
1996-10-01,5.24,5.91,6.53,6.81,158.2,70.948,3772.8,2.176,5.2,120665.0,67.0,87.0,296.0,7.915,,3.062,2.178,0.62,0,1.385,4.41,-2.4,2.893,-2.347
1996-11-01,5.31,5.7,6.2,6.48,158.7,71.041,3795.1,2.176,5.4,120947.0,67.0,90.0,304.0,7.618,,3.253,2.057,0.5,0,1.418,4.84,-2.8,2.98,-2.33
1996-12-01,5.29,5.78,6.3,6.55,159.1,71.068,3818.6,2.176,5.4,121143.0,67.0,90.0,306.0,7.5975,,3.379,1.911,0.52,0,1.298,5.21,-2.8,3.169,-2.121
1997-01-01,5.25,6.01,6.58,6.83,159.4,71.144,3834.6,2.174,5.3,121356.0,67.0,86.0,293.0,7.824,,3.038,2.212,0.57,0,1.244,5.12,-2.6,2.757,-2.493
1997-02-01,5.19,5.9,6.42,6.69,159.7,71.29,3846.3,2.174,5.2,121673.0,66.9,86.0,293.0,7.65,,3.032,2.158,0.52,0,1.23,5.04,-2.4,2.848,-2.342
1997-03-01,5.39,6.22,6.69,6.93,159.8,71.46,3861.2,2.174,5.2,121991.0,67.1,85.0,287.0,7.8975,,2.765,2.625,0.47,0,1.207,4.73,-2.4,2.448,-2.942
1997-04-01,5.51,6.45,6.89,7.09,159.9,71.6,3877.0,2.19,5.1,122289.0,67.1,82.0,279.0,8.1425,,2.434,3.076,0.44,0,1.253,4.85,-2.2,2.051,-3.459
1997-05-01,5.5,6.28,6.71,6.94,159.9,71.652,3889.2,2.19,4.9,122560.0,67.1,85.0,287.0,7.944,,2.238,3.262,0.43,0,1.234,4.84,-1.8,1.957,-3.543
1997-06-01,5.56,6.09,6.49,6.77,160.2,71.758,3906.0,2.19,5.0,122816.0,67.1,87.0,295.0,7.6899999999999995,,2.234,3.326,0.4,0,1.2,4.93,-2.0,1.851,-3.709
1997-07-01,5.52,5.89,6.22,6.51,160.4,71.807,3923.9,2.192,4.9,123114.0,67.2,87.0,295.0,7.4975,,2.166,3.354,0.33,0,1.277,5.0,-1.8,1.849,-3.671
1997-08-01,5.54,5.94,6.3,6.58,160.8,71.778,3957.4,2.192,4.8,123087.0,67.2,86.0,293.0,7.4799999999999995,,2.29,3.25,0.36,0,1.18,5.7,-1.6,2.135,-3.405
1997-09-01,5.54,5.88,6.21,6.5,161.2,71.927,3973.1,2.192,4.9,123575.0,67.1,85.0,289.0,7.43,,2.219,3.321,0.33,0,1.22,5.85,-1.8,1.928,-3.612
1997-10-01,5.5,5.77,6.03,6.33,161.5,72.036,3992.3,2.184,4.7,123924.0,67.1,87.0,296.0,7.294,,2.086,3.414,0.26,0,1.264,5.82,-1.4,1.929,-3.571
1997-11-01,5.52,5.71,5.88,6.11,161.7,72.058,4014.8,2.184,4.6,124225.0,67.2,87.0,296.0,7.205,,1.89,3.63,0.17,0,1.325,5.79,-1.2,1.735,-3.785
1997-12-01,5.5,5.72,5.81,5.99,161.8,72.1,4032.9,2.184,4.7,124549.0,67.2,86.0,293.0,7.095000000000001,,1.697,3.803,0.09,0,1.285,5.61,-1.4,1.346,-4.154
1998-01-01,5.56,5.36,5.54,5.81,162.0,72.21,4056.2,2.17,4.6,124806.0,67.1,94.0,318.0,6.994,,1.631,3.929,0.18,0,1.454,5.78,-1.2,1.347,-4.213
1998-02-01,5.51,5.42,5.57,5.89,162.0,72.272,4088.9,2.17,4.6,125017.0,67.1,95.0,323.0,7.0425,,1.44,4.07,0.15,0,1.473,6.31,-1.2,1.06,-4.45
1998-03-01,5.49,5.56,5.65,5.95,162.0,72.349,4114.3,2.17,4.7,125165.0,67.1,95.0,321.0,7.1275,,1.377,4.113,0.09,0,1.478,6.55,-1.4,0.866,-4.624
1998-04-01,5.45,5.56,5.64,5.92,162.2,72.482,4140.2,2.155,4.3,125445.0,67.0,96.0,325.0,7.140000000000001,,1.438,4.012,0.08,0,1.5,6.79,-0.6,1.357,-4.093
1998-05-01,5.49,5.59,5.65,5.93,162.6,72.552,4164.4,2.155,4.4,125845.0,67.0,94.0,318.0,7.144,,1.689,3.801,0.06,0,1.494,7.08,-0.8,1.634,-3.856
1998-06-01,5.56,5.52,5.5,5.7,162.8,72.461,4184.1,2.155,4.5,126076.0,67.0,93.0,316.0,6.9975000000000005,,1.623,3.937,-0.02,1,1.498,7.12,-1.0,1.435,-4.125
1998-07-01,5.54,5.46,5.46,5.68,163.2,72.665,4203.8,2.155,4.5,126212.0,67.0,96.0,325.0,6.952,,1.746,3.794,0.0,0,1.492,7.13,-1.0,1.619,-3.921
1998-08-01,5.55,5.27,5.34,5.54,163.4,72.807,4228.7,2.155,4.5,126546.0,67.0,102.0,347.0,6.9225,,1.617,3.933,0.07,0,1.583,6.86,-1.0,1.426,-4.124
1998-09-01,5.51,4.67,4.81,5.2,163.5,72.795,4267.7,2.155,4.6,126744.0,67.2,129.0,439.0,6.7225,,1.427,4.083,0.14,0,1.913,7.41,-1.2,1.041,-4.469
1998-10-01,5.07,4.09,4.53,5.01,163.9,72.937,4307.9,2.14,4.5,126949.0,67.2,150.0,510.0,6.709999999999999,,1.486,3.584,0.44,0,2.18,7.91,-1.0,1.229,-3.841
1998-11-01,4.83,4.54,4.83,5.25,164.1,72.95,4346.6,2.14,4.4,127222.0,67.1,142.0,483.0,6.865,,1.484,3.346,0.29,0,2.035,8.26,-0.8,1.326,-3.504
1998-12-01,4.68,4.51,4.65,5.06,164.4,73.076,4375.6,2.14,4.4,127595.0,67.2,146.0,497.0,6.7379999999999995,,1.607,3.073,0.14,0,2.088,8.5,-0.8,1.511,-3.169
1999-01-01,4.63,4.62,4.72,5.16,164.7,73.18,4403.0,2.129,4.3,127699.0,67.2,146.0,495.0,6.785,,1.667,2.963,0.1,0,2.065,8.55,-0.6,1.7,-2.93
1999-02-01,4.76,4.88,5.0,5.37,164.7,73.155,4425.8,2.129,4.4,128117.0,67.2,136.0,460.0,6.8075,,1.667,3.093,0.12,0,1.808,8.24,-0.8,1.6,-3.16
1999-03-01,4.81,5.05,5.23,5.58,164.8,73.177,4432.6,2.129,4.2,128234.0,67.0,131.0,443.0,7.04,,1.728,3.082,0.18,0,1.81,7.74,-0.4,1.892,-2.918
1999-04-01,4.74,4.98,5.18,5.55,165.9,73.365,4461.4,2.124,4.3,128595.0,67.1,130.0,441.0,6.9159999999999995,,2.281,2.459,0.2,0,1.736,7.76,-0.6,2.622,-2.118
1999-05-01,4.74,5.25,5.54,5.81,166.0,73.435,4486.1,2.124,4.2,128813.0,67.1,124.0,420.0,7.145,,2.091,2.649,0.29,0,1.605,7.73,-0.4,2.436,-2.304
1999-06-01,4.76,5.62,5.9,6.04,166.0,73.474,4508.0,2.124,4.3,129084.0,67.1,120.0,408.0,7.55,,1.966,2.794,0.28,0,1.65,7.74,-0.6,2.149,-2.611
1999-07-01,4.99,5.55,5.79,5.98,166.7,73.606,4535.4,2.128,4.3,129422.0,67.1,123.0,416.0,7.632,,2.145,2.845,0.24,0,1.842,7.89,-0.6,2.418,-2.572
1999-08-01,5.07,5.68,5.94,6.07,167.1,73.642,4552.7,2.128,4.2,129572.0,67.0,126.0,427.0,7.9425,,2.264,2.806,0.26,0,2.002,7.66,-0.4,2.696,-2.374
1999-09-01,5.22,5.66,5.92,6.07,167.8,73.837,4568.8,2.128,4.2,129771.0,67.0,130.0,441.0,7.8225,,2.63,2.59,0.26,0,1.902,7.06,-0.4,3.245,-1.975
1999-10-01,5.2,5.86,6.11,6.26,168.1,73.963,4592.7,2.145,4.1,130178.0,67.0,129.0,437.0,7.851999999999999,,2.563,2.637,0.25,0,1.742,6.61,-0.2,3.244,-1.956
1999-11-01,5.42,5.86,6.03,6.15,168.4,74.034,4611.8,2.145,4.1,130466.0,67.1,120.0,408.0,7.7375,,2.62,2.8,0.17,0,1.707,6.1,-0.2,3.33,-2.09
1999-12-01,5.3,6.1,6.28,6.35,168.8,74.128,4639.3,2.145,4.0,130783.0,67.1,108.0,368.0,7.912000000000001,,2.676,2.624,0.18,0,1.632,6.03,-0.0,3.514,-1.786
2000-01-01,5.45,6.44,6.66,6.63,169.3,74.306,4667.6,2.134,4.0,131011.0,67.3,95.0,321.0,8.21,,2.793,2.657,0.22,0,1.55,6.01,-0.0,3.69,-1.76
2000-02-01,5.73,6.61,6.52,6.23,170.0,74.415,4680.9,2.134,4.1,131120.0,67.3,100.0,341.0,8.325,,3.218,2.512,-0.09,1,1.805,5.76,-0.2,4.227,-1.503
2000-03-01,5.85,6.53,6.26,6.05,171.0,74.568,4711.7,2.134,4.0,131604.0,67.3,120.0,406.0,8.24,,3.762,2.088,-0.27,1,1.98,6.3,-0.0,5.143,-0.707
2000-04-01,6.02,6.4,5.99,5.85,170.9,74.617,4767.8,2.15,3.8,131884.0,67.3,137.0,464.0,8.1525,,3.014,3.006,-0.41,1,2.162,6.87,0.4,4.221,-1.799
2000-05-01,6.27,6.81,6.44,6.15,171.2,74.697,4755.7,2.15,4.0,132105.0,67.1,140.0,474.0,8.515,,3.133,3.137,-0.37,1,2.075,6.01,-0.0,4.2,-2.07
2000-06-01,6.53,6.48,6.1,5.93,172.2,74.754,4773.6,2.15,4.0,132063.0,67.1,136.0,460.0,8.288,,3.735,2.795,-0.38,1,2.188,5.89,-0.0,5.102,-1.428
2000-07-01,6.54,6.34,6.05,5.85,172.7,74.925,4791.3,2.14,4.0,132228.0,66.9,130.0,441.0,8.1475,,3.599,2.941,-0.29,1,2.098,5.64,-0.0,4.898,-1.642
2000-08-01,6.5,6.23,5.83,5.72,172.7,75.021,4819.5,2.14,4.1,132234.0,66.9,138.0,468.0,8.0275,,3.351,3.149,-0.4,1,2.198,5.86,-0.2,4.427,-2.073
2000-09-01,6.52,6.08,5.8,5.83,173.6,75.203,4855.2,2.14,3.9,132337.0,66.9,145.0,491.0,7.912000000000001,,3.456,3.064,-0.28,1,2.112,6.27,0.2,4.784,-1.736
2000-10-01,6.51,5.91,5.74,5.8,173.9,75.308,4871.3,2.132,3.9,132352.0,66.8,148.0,501.0,7.795,,3.45,3.06,-0.17,1,2.055,6.07,0.2,4.775,-1.735
2000-11-01,6.51,5.88,5.72,5.78,174.2,75.441,4882.7,2.132,3.9,132556.0,66.9,145.0,493.0,7.745,,3.444,3.066,-0.16,1,2.025,5.87,0.2,4.766,-1.744
2000-12-01,6.4,5.35,5.24,5.49,174.6,75.515,4927.6,2.132,3.9,132716.0,67.0,158.0,535.0,7.382,,3.436,2.964,-0.11,1,2.142,6.21,0.2,4.754,-1.646
2001-01-01,5.98,4.76,5.16,5.54,175.6,75.796,4978.3,2.084,4.2,132703.0,67.2,157.0,533.0,7.0325,,3.721,2.259,0.4,0,1.872,6.66,-0.4,4.882,-1.098
2001-02-01,5.49,4.66,5.1,5.45,176.0,75.93,5017.0,2.084,4.2,132788.0,67.1,157.0,533.0,7.05,,3.529,1.961,0.44,0,1.95,7.18,-0.4,4.594,-0.896
2001-03-01,5.31,4.34,4.89,5.34,176.1,76.009,5074.8,2.084,4.3,132751.0,67.2,168.0,570.0,6.952,,2.982,2.328,0.55,0,2.062,7.71,-0.6,3.673,-1.637
2001-04-01,4.8,4.23,5.14,5.65,176.4,76.13,5139.1,2.057,4.4,132458.0,66.9,166.0,564.0,7.0775,,3.218,1.582,0.91,0,1.938,7.79,-0.8,3.927,-0.873
2001-05-01,4.21,4.26,5.39,5.78,177.3,76.148,5137.2,2.057,4.3,132408.0,66.7,152.0,516.0,7.145,,3.563,0.647,1.13,0,1.755,8.02,-0.6,4.545,0.335
2001-06-01,3.97,4.08,5.28,5.67,177.7,76.318,5180.1,2.057,4.5,132300.0,66.7,153.0,518.0,7.159999999999999,,3.194,0.776,1.2,0,1.88,8.52,-1.0,3.791,-0.179
2001-07-01,3.77,4.04,5.24,5.61,177.4,76.515,5210.0,2.011,4.6,132172.0,66.8,155.0,526.0,7.1275,,2.721,1.049,1.2,0,1.888,8.74,-1.2,2.982,-0.788
2001-08-01,3.65,3.76,4.97,5.48,177.4,76.553,5243.8,2.011,4.9,132021.0,66.5,164.0,554.0,6.95,,2.721,0.929,1.21,0,1.98,8.8,-1.8,2.682,-0.968
2001-09-01,3.07,3.12,4.73,5.48,178.1,76.118,5355.1,2.011,5.0,131763.0,66.8,187.0,635.0,6.8175,,2.592,0.478,1.61,0,2.087,10.3,-2.0,2.388,-0.682
2001-10-01,2.49,2.73,4.57,5.32,177.6,76.654,5343.8,1.978,5.3,131452.0,66.7,190.0,643.0,6.6175,,2.128,0.362,1.84,0,2.047,9.7,-2.6,1.392,-1.098
2001-11-01,2.09,2.78,4.65,5.12,177.5,76.81,5387.5,1.978,5.5,131144.0,66.7,179.0,608.0,6.6579999999999995,,1.894,0.196,1.87,0,2.008,10.34,-3.0,0.841,-1.249
2001-12-01,1.82,3.11,5.09,5.48,177.4,76.828,5440.5,1.978,5.7,130983.0,66.7,169.0,572.0,7.0649999999999995,,1.604,0.216,1.98,0,1.975,10.41,-3.4,0.206,-1.614
2002-01-01,1.73,3.03,5.04,5.45,177.7,76.871,5460.9,1.966,5.7,130859.0,66.5,161.0,545.0,6.9975,,1.196,0.534,2.01,0,1.957,9.69,-3.4,-0.406,-2.136
2002-02-01,1.74,3.02,4.91,5.45,178.0,77.018,5490.2,1.966,5.7,130737.0,66.8,169.0,574.0,6.8925,,1.136,0.604,1.89,0,1.982,9.43,-3.4,-0.496,-2.236
2002-03-01,1.73,3.56,5.28,5.81,178.5,77.11,5502.0,1.966,5.7,130722.0,66.6,160.0,543.0,7.014,,1.363,0.367,1.72,0,1.734,8.42,-3.4,-0.155,-1.885
2002-04-01,1.75,3.42,5.21,5.79,179.3,77.325,5502.1,1.97,5.9,130616.0,66.7,160.0,543.0,6.985,,1.644,0.106,1.79,0,1.775,7.06,-3.8,0.066,-1.684
2002-05-01,1.75,3.26,5.16,5.76,179.5,77.411,5528.3,1.97,5.8,130632.0,66.7,166.0,562.0,6.806,,1.241,0.509,1.9,0,1.646,7.61,-3.6,-0.438,-2.188
2002-06-01,1.75,2.99,4.93,5.68,179.6,77.534,5553.3,1.97,5.8,130674.0,66.6,171.0,581.0,6.65,,1.069,0.681,1.94,0,1.72,7.2,-3.6,-0.697,-2.447
2002-07-01,1.73,2.56,4.65,5.59,180.0,77.692,5596.0,1.95,5.8,130584.0,66.5,184.0,624.0,6.485,,1.466,0.264,2.09,0,1.835,7.41,-3.6,-0.101,-1.831
2002-08-01,1.74,2.13,4.26,5.28,180.5,77.845,5638.3,1.95,5.7,130581.0,66.6,188.0,639.0,6.29,,1.747,-0.007,2.13,0,2.03,7.52,-3.4,0.42,-1.32
2002-09-01,1.75,2.0,3.87,4.96,180.8,77.972,5662.3,1.95,5.7,130502.0,66.7,200.0,680.0,6.0925,,1.516,0.234,1.87,0,2.222,5.74,-3.4,0.074,-1.676
2002-10-01,1.75,1.91,3.94,5.18,181.2,78.038,5707.1,1.924,5.7,130617.0,66.6,215.0,730.0,6.1125,,2.027,-0.277,2.03,0,2.172,6.8,-3.4,0.841,-0.909
2002-11-01,1.34,1.92,4.05,5.18,181.5,78.114,5758.1,1.924,5.9,130616.0,66.4,203.0,687.0,6.068,,2.254,-0.914,2.13,0,2.018,6.88,-3.8,0.981,-0.359
2002-12-01,1.24,1.84,4.03,5.13,181.8,78.187,5779.4,1.924,6.0,130465.0,66.3,194.0,658.0,6.0475,725800.5,2.48,-1.24,2.19,0,2.018,6.23,-4.0,1.22,-0.02
2003-01-01,1.24,1.74,4.05,5.14,182.6,78.24,5812.1,1.912,5.8,130573.0,66.4,187.0,635.0,5.9159999999999995,724718.4,2.757,-1.517,2.31,0,1.866,6.43,-3.6,1.836,0.596
2003-02-01,1.26,1.63,3.9,5.02,183.6,78.348,5848.2,1.912,5.9,130441.0,66.4,179.0,606.0,5.8425,721326.0,3.146,-1.886,2.27,0,1.943,6.52,-3.8,2.319,1.059
2003-03-01,1.25,1.57,3.81,5.03,183.9,78.474,5868.4,1.912,5.9,130235.0,66.3,178.0,604.0,5.745,723651.25,3.025,-1.775,2.24,0,1.935,6.66,-3.8,2.137,0.887
2003-04-01,1.26,1.62,3.96,5.13,183.2,78.561,5905.5,1.899,6.0,130173.0,66.4,164.0,556.0,5.8125,736926.4,2.175,-0.915,2.34,0,1.852,7.33,-4.0,0.762,-0.498
2003-05-01,1.26,1.42,3.57,4.76,182.9,78.674,5965.3,1.899,6.1,130197.0,66.4,160.0,541.0,5.484,738358.0,1.894,-0.634,2.15,0,1.914,7.9,-4.2,0.241,-1.019
2003-06-01,1.22,1.23,3.33,4.62,183.1,78.718,6002.2,1.899,6.3,130186.0,66.5,162.0,551.0,5.23,738711.75,1.949,-0.729,2.1,0,1.9,8.08,-4.6,0.123,-1.097
2003-07-01,1.01,1.47,3.98,5.13,183.7,78.915,6049.1,1.903,6.2,130184.0,66.2,150.0,508.0,5.6325,741656.2,2.056,-1.046,2.51,0,1.653,8.1,-4.4,0.384,-0.626
2003-08-01,1.03,1.86,4.45,5.45,184.5,79.004,6107.1,1.903,6.1,130153.0,66.1,146.0,495.0,6.264,740216.5,2.216,-1.186,2.59,0,1.814,8.31,-4.2,0.724,-0.306
2003-09-01,1.01,1.71,4.27,5.28,185.1,79.114,6079.7,1.903,6.1,130252.0,66.1,143.0,485.0,6.1475,743206.75,2.378,-1.368,2.56,0,1.878,7.37,-4.2,0.967,-0.043
2003-10-01,1.01,1.75,4.29,5.3,184.9,79.26,6070.0,1.938,6.0,130439.0,66.1,139.0,470.0,5.952,747068.4,2.042,-1.032,2.54,0,1.662,6.36,-4.0,0.563,-0.447
2003-11-01,1.0,1.93,4.3,5.25,185.0,79.368,6075.5,1.938,5.8,130480.0,66.1,134.0,454.0,5.9325,747801.25,1.928,-0.928,2.37,0,1.633,5.51,-3.6,0.592,-0.408
2003-12-01,0.98,1.91,4.27,5.21,185.5,79.467,6073.8,1.938,5.7,130589.0,65.9,132.0,449.0,5.8759999999999994,759809.6,2.035,-1.055,2.36,0,1.606,5.09,-3.4,0.853,-0.127
2004-01-01,1.0,1.76,4.15,5.13,186.3,79.671,6082.1,1.948,5.7,130756.0,66.1,130.0,441.0,5.7125,759938.25,2.026,-1.026,2.39,0,1.562,4.65,-3.4,0.839,-0.161
2004-02-01,1.01,1.74,4.08,5.08,186.7,79.8,6121.8,1.948,5.6,130821.0,66.0,124.0,420.0,5.635,753644.25,1.688,-0.678,2.34,0,1.555,4.68,-3.2,0.432,-0.578
2004-03-01,1.0,1.58,3.83,4.9,187.1,79.934,6157.9,1.948,5.8,131140.0,66.0,130.0,441.0,5.445,755538.0,1.74,-0.74,2.25,0,1.615,4.93,-3.6,0.31,-0.69
2004-04-01,1.0,2.07,4.35,5.28,187.4,80.142,6198.9,1.938,5.6,131412.0,65.9,120.0,406.0,5.83,762182.0,2.293,-1.293,2.28,0,1.48,4.97,-3.2,1.34,0.34
2004-05-01,1.0,2.53,4.72,5.51,188.2,80.252,6275.7,1.938,5.6,131697.0,66.0,115.0,391.0,6.27,762913.75,2.898,-1.898,2.19,0,1.55,5.2,-3.2,2.247,1.247
2004-06-01,1.03,2.76,4.73,5.48,188.9,80.379,6277.9,1.938,5.6,131794.0,66.1,116.0,395.0,6.2875,770590.0,3.168,-2.138,1.97,0,1.557,4.59,-3.2,2.652,1.622
2004-07-01,1.26,2.64,4.5,5.31,189.1,80.474,6291.1,1.947,5.5,131854.0,66.1,120.0,408.0,6.056,776094.75,2.94,-1.68,1.86,0,1.556,4.0,-3.0,2.41,1.15
2004-08-01,1.43,2.51,4.28,5.15,189.2,80.505,6317.8,1.947,5.4,131939.0,66.0,124.0,420.0,5.8675,771095.5,2.547,-1.117,1.77,0,1.587,3.45,-2.8,1.92,0.49
2004-09-01,1.61,2.53,4.13,4.98,189.8,80.656,6352.2,1.947,5.4,132089.0,65.8,121.0,412.0,5.754,786291.4,2.539,-0.929,1.6,0,1.624,4.48,-2.8,1.909,0.299
2004-10-01,1.76,2.58,4.1,4.94,190.8,80.831,6379.8,1.956,5.5,132429.0,65.9,120.0,406.0,5.7225,788387.5,3.191,-1.431,1.52,0,1.623,5.1,-3.0,2.786,1.026
2004-11-01,1.93,2.85,4.19,4.95,191.7,81.005,6406.3,1.956,5.4,132503.0,66.0,114.0,387.0,5.73,798767.75,3.622,-1.692,1.34,0,1.54,5.44,-2.8,3.533,1.603
2004-12-01,2.16,3.01,4.23,4.91,191.7,81.109,6424.5,1.956,5.4,132630.0,65.9,109.0,370.0,5.752,808972.6,3.342,-1.182,1.22,0,1.522,5.77,-2.8,3.113,0.953
2005-01-01,2.28,3.22,4.22,4.77,191.6,81.401,6430.8,1.983,5.3,132781.0,65.8,102.0,347.0,5.71,807094.75,2.845,-0.565,1.0,0,1.49,5.73,-2.6,2.468,0.188
2005-02-01,2.5,3.38,4.17,4.56,192.4,81.536,6438.9,1.983,5.4,133034.0,65.9,94.0,318.0,5.6275,800556.75,3.053,-0.553,0.79,0,1.458,5.18,-2.8,2.679,0.179
2005-03-01,2.63,3.73,4.5,4.77,193.1,81.737,6448.3,1.983,5.2,133154.0,65.9,89.0,300.0,5.928,802471.6,3.207,-0.577,0.77,0,1.428,4.72,-2.4,3.11,0.48
2005-04-01,2.79,3.65,4.34,4.65,193.7,81.831,6461.8,1.993,5.2,133520.0,66.1,97.0,329.0,5.855,803656.0,3.362,-0.572,0.69,0,1.515,4.24,-2.4,3.343,0.553
2005-05-01,3.0,3.64,4.14,4.49,193.6,81.999,6479.0,1.993,5.1,133689.0,66.1,106.0,358.0,5.72,805624.0,2.869,0.131,0.5,0,1.58,3.24,-2.2,2.704,-0.296
2005-06-01,3.04,3.64,4.0,4.28,193.7,82.056,6511.7,1.993,5.0,133948.0,66.1,106.0,358.0,5.582,812643.2,2.541,0.499,0.36,0,1.582,3.72,-2.0,2.311,-0.729
2005-07-01,3.26,3.87,4.18,4.38,194.9,82.176,6543.5,1.998,5.0,134300.0,66.1,101.0,343.0,5.695,815370.0,3.067,0.193,0.31,0,1.515,4.01,-2.0,3.101,-0.159
2005-08-01,3.5,4.04,4.26,4.44,196.1,82.243,6576.3,1.998,4.9,134502.0,66.2,97.0,327.0,5.82,815141.8,3.647,-0.147,0.22,0,1.56,4.09,-1.8,4.07,0.57
2005-09-01,3.62,3.95,4.2,4.45,198.8,82.425,6610.1,1.998,5.0,134552.0,66.1,104.0,352.0,5.774,820696.75,4.742,-1.122,0.25,0,1.574,4.06,-2.0,5.613,1.993
2005-10-01,3.78,4.27,4.46,4.64,199.1,82.662,6643.9,1.999,5.0,134641.0,66.1,104.0,352.0,6.065,819207.25,4.35,-0.57,0.19,0,1.605,4.14,-2.0,5.025,1.245
2005-11-01,4.0,4.42,4.54,4.7,198.1,82.873,6660.7,1.999,5.0,134997.0,66.0,106.0,358.0,6.33,826201.6,3.339,0.661,0.12,0,1.79,3.97,-2.0,3.508,-0.492
2005-12-01,4.16,4.4,4.47,4.62,198.1,82.959,6687.8,1.999,4.9,135159.0,66.0,105.0,356.0,6.272,840054.25,3.339,0.821,0.07,0,1.802,4.1,-1.8,3.608,-0.552
2006-01-01,4.29,4.4,4.42,4.57,199.3,83.145,6730.1,2.014,4.7,135427.0,66.0,103.0,350.0,6.145,836539.0,4.019,0.271,0.02,0,1.725,4.65,-1.4,4.828,0.538
2006-02-01,4.49,4.67,4.57,4.57,199.4,83.279,6754.7,2.014,4.8,135733.0,66.1,97.0,327.0,6.2525,833804.0,3.638,0.852,-0.1,1,1.682,4.9,-1.6,4.157,-0.333
2006-03-01,4.59,4.73,4.72,4.73,199.7,83.509,6769.3,2.014,4.7,136038.0,66.2,96.0,325.0,6.324,838655.6,3.418,1.172,-0.01,1,1.604,4.98,-1.4,3.927,-0.663
2006-04-01,4.79,4.89,4.99,5.06,200.7,83.764,6806.9,2.015,4.7,136210.0,66.1,96.0,325.0,6.5075,838093.75,3.614,1.176,0.1,0,1.518,5.34,-1.4,4.221,-0.569
2006-05-01,4.94,4.97,5.11,5.2,201.3,83.974,6813.7,2.015,4.6,136249.0,66.1,93.0,316.0,6.5975,842451.2,3.977,0.963,0.14,0,1.487,5.17,-1.2,4.866,-0.074
2006-06-01,4.99,5.12,5.11,5.15,201.8,84.186,6851.8,2.015,4.6,136337.0,66.2,95.0,321.0,6.6819999999999995,846038.0,4.182,0.808,-0.01,1,1.572,5.22,-1.2,5.173,0.183
2006-07-01,5.24,5.12,5.09,5.13,202.9,84.268,6893.6,2.003,4.7,136529.0,66.1,95.0,321.0,6.7625,846874.0,4.105,1.135,-0.03,1,1.673,5.35,-1.4,4.958,-0.282
2006-08-01,5.25,4.9,4.88,5.0,203.8,84.44,6925.1,2.003,4.7,136692.0,66.2,97.0,329.0,6.523999999999999,844411.4,3.927,1.323,-0.02,1,1.644,5.3,-1.4,4.69,-0.56
2006-09-01,5.25,4.77,4.72,4.85,202.8,84.573,6952.4,2.003,4.5,136826.0,66.1,97.0,329.0,6.4025,844410.75,2.012,3.238,-0.05,1,1.682,5.18,-1.0,2.018,-3.232
2006-10-01,5.25,4.8,4.73,4.85,201.9,84.726,7001.7,1.994,4.4,136843.0,66.2,97.0,327.0,6.3575,849620.75,1.406,3.844,-0.07,1,1.627,5.39,-0.8,1.209,-4.041
2006-11-01,5.25,4.74,4.6,4.69,202.0,84.766,7037.2,1.994,4.5,137060.0,66.3,91.0,310.0,6.24,858302.8,1.969,3.281,-0.14,1,1.64,5.65,-1.0,1.954,-3.296
2006-12-01,5.24,4.67,4.56,4.68,203.1,84.88,7080.1,1.994,4.4,137249.0,66.4,94.0,318.0,6.135,862756.75,2.524,2.716,-0.11,1,1.575,5.87,-0.8,2.886,-2.354
2007-01-01,5.25,4.88,4.76,4.85,203.437,85.224,7118.3,1.991,4.6,137472.0,66.4,90.0,304.0,6.2175,861258.6,2.076,3.174,-0.12,1,1.458,5.77,-1.2,2.014,-3.236
2007-02-01,5.26,4.85,4.72,4.82,204.226,85.408,7134.3,1.991,4.5,137560.0,66.3,88.0,298.0,6.285,867225.0,2.42,2.84,-0.13,1,1.565,5.62,-1.0,2.63,-2.63
2007-03-01,5.26,4.57,4.56,4.72,205.288,85.494,7168.2,1.991,4.4,137784.0,66.2,97.0,327.0,6.156000000000001,868370.75,2.798,2.462,-0.01,1,1.596,5.89,-0.8,3.297,-1.963
2007-04-01,5.25,4.67,4.69,4.87,205.904,85.616,7240.7,1.983,4.5,137847.0,65.9,97.0,327.0,6.18,867195.25,2.593,2.657,0.02,0,1.49,6.37,-1.0,2.89,-2.36
2007-05-01,5.25,4.77,4.75,4.9,206.755,85.717,7254.6,1.983,4.4,137992.0,66.0,93.0,316.0,6.2620000000000005,875321.4,2.71,2.54,-0.02,1,1.512,6.47,-0.8,3.165,-2.085
2007-06-01,5.25,4.98,5.1,5.2,207.234,85.859,7287.8,1.983,4.6,138070.0,66.0,90.0,306.0,6.657500000000001,867222.25,2.693,2.557,0.12,0,1.558,6.36,-1.2,2.94,-2.31
2007-07-01,5.26,4.82,5.0,5.11,207.603,85.988,7318.7,1.975,4.7,138044.0,66.0,94.0,318.0,6.695,870706.0,2.318,2.942,0.18,0,1.695,6.17,-1.4,2.277,-2.983
2007-08-01,5.02,4.31,4.67,4.93,207.667,86.116,7394.8,1.975,4.6,138013.0,65.8,112.0,381.0,6.572,867258.6,1.897,3.123,0.36,0,1.902,6.78,-1.2,1.746,-3.274
2007-09-01,4.94,4.01,4.52,4.79,208.547,86.351,7413.0,1.975,4.7,138099.0,66.0,118.0,398.0,6.3825,878775.5,2.834,2.106,0.51,0,1.863,6.63,-1.4,3.051,-1.889
2007-10-01,4.76,3.97,4.53,4.77,209.19,86.576,7428.1,1.974,4.7,138175.0,65.8,111.0,375.0,6.375,877940.6,3.611,1.149,0.56,0,1.845,6.09,-1.4,4.217,-0.543
2007-11-01,4.49,3.34,4.15,4.52,210.834,86.746,7453.6,1.974,4.7,138290.0,66.0,128.0,433.0,6.208,886426.5,4.373,0.117,0.81,0,2.058,5.92,-1.4,5.36,0.87
2007-12-01,4.24,3.12,4.1,4.53,211.445,86.92,7483.9,1.974,5.0,138395.0,66.0,145.0,491.0,6.095,885789.75,4.109,0.131,0.98,0,1.995,5.7,-2.0,4.664,0.424
2008-01-01,3.94,2.48,3.74,4.33,212.174,87.093,7517.5,1.936,5.0,138391.0,66.2,159.0,539.0,5.758,894807.8,4.295,-0.355,1.26,0,2.018,5.61,-2.0,4.942,1.002
2008-02-01,2.98,1.97,3.74,4.52,212.687,87.178,7604.0,1.936,4.9,138329.0,66.0,175.0,595.0,5.9175,881700.25,4.143,-1.163,1.77,0,2.178,6.58,-1.8,4.814,1.834
2008-03-01,2.61,1.62,3.51,4.39,213.448,87.349,7670.0,1.936,5.1,138259.0,66.1,192.0,651.0,5.97,890096.0,3.975,-1.365,1.89,0,2.46,7.0,-2.2,4.362,1.752
2008-04-01,2.28,2.05,3.68,4.44,213.942,87.4,7712.5,1.924,5.0,138040.0,65.9,187.0,633.0,5.9175,886510.6,3.904,-1.624,1.63,0,2.238,6.52,-2.0,4.356,2.076
2008-05-01,1.98,2.45,3.88,4.6,215.208,87.559,7725.2,1.924,5.4,137851.0,66.1,173.0,587.0,6.036,892986.0,4.088,-2.108,1.43,0,2.156,6.49,-2.8,4.232,2.252
2008-06-01,2.0,2.77,4.1,4.69,217.463,87.76,7743.9,1.924,5.6,137700.0,66.1,169.0,572.0,6.32,895391.5,4.936,-2.936,1.33,0,2.22,6.26,-3.2,5.304,3.304
2008-07-01,2.01,2.57,4.01,4.57,219.016,87.918,7791.2,1.904,5.8,137497.0,66.1,179.0,606.0,6.425999999999999,905993.4,5.498,-3.488,1.44,0,2.416,6.46,-3.6,5.947,3.937
2008-08-01,2.0,2.42,3.89,4.5,218.69,88.026,7805.8,1.904,6.1,137211.0,66.1,185.0,628.0,6.4775,906233.75,5.308,-3.308,1.47,0,2.588,5.56,-4.2,5.362,3.362
2008-09-01,1.81,2.08,3.69,4.27,218.877,88.116,7872.4,1.904,6.1,136760.0,66.0,206.0,699.0,6.0375,1009474.0,4.953,-3.143,1.61,0,2.347,6.2,-4.2,4.83,3.02
2008-10-01,0.97,1.61,3.81,4.17,216.995,87.991,7974.9,1.81,6.5,136291.0,66.0,287.0,974.0,6.2,1727614.6,3.731,-2.761,2.2,0,2.39,7.36,-5.0,2.596,1.626
2008-11-01,0.39,1.21,3.53,4.0,213.153,87.952,8027.0,1.81,6.8,135541.0,65.9,323.0,1095.0,6.0875,2145077.75,1.1,-0.71,2.32,0,2.558,7.69,-5.6,-1.65,-2.04
2008-12-01,0.16,0.82,2.42,2.87,211.398,87.909,8204.7,1.81,7.3,134847.0,65.8,341.0,1157.0,5.286,2222737.4,-0.022,0.182,1.6,0,2.866,9.63,-6.6,-3.833,-3.993
2009-01-01,0.15,0.81,2.52,3.13,211.933,87.882,8289.0,1.732,7.8,134079.0,65.7,320.0,1084.0,5.047499999999999,2033836.75,-0.114,0.264,1.71,0,2.527,10.26,-7.6,-4.471,-4.621
2009-02-01,0.22,0.98,2.87,3.59,212.705,87.952,8319.3,1.732,8.3,133318.0,65.8,296.0,1003.0,5.13,1881628.5,0.008,0.212,1.89,0,2.26,9.41,-8.6,-4.788,-5.008
2009-03-01,0.18,0.93,2.82,3.64,212.495,88.015,8386.4,1.732,8.7,132494.0,65.6,318.0,1078.0,5.0025,1984832.25,-0.446,0.626,1.89,0,2.183,9.34,-9.4,-5.869,-6.049
2009-04-01,0.15,0.93,2.93,3.76,212.709,88.211,8391.1,1.705,9.0,131822.0,65.7,310.0,1051.0,4.8100000000000005,2123506.2,-0.576,0.726,2.0,0,1.88,8.8,-10.0,-6.364,-6.514
2009-05-01,0.18,0.93,3.29,4.23,213.022,88.279,8449.2,1.705,9.4,131466.0,65.7,271.0,918.0,4.8575,2134464.0,-1.016,1.196,2.36,0,1.568,9.37,-10.8,-7.424,-7.604
2009-06-01,0.21,1.18,3.72,4.52,214.79,88.392,8459.3,1.705,9.5,131008.0,65.7,214.0,726.0,5.42,2057022.5,-1.229,1.439,2.54,0,1.7,9.24,-11.0,-7.844,-8.054
2009-07-01,0.16,1.02,3.56,4.41,214.726,88.468,8463.5,1.707,9.5,130662.0,65.5,200.0,680.0,5.2219999999999995,2022073.2,-1.959,2.119,2.54,0,1.662,8.63,-11.0,-8.939,-9.099
2009-08-01,0.16,1.12,3.59,4.37,215.445,88.599,8463.0,1.707,9.6,130472.0,65.4,170.0,576.0,5.1925,2034911.25,-1.484,1.644,2.47,0,1.602,8.42,-11.2,-8.326,-8.486
2009-09-01,0.15,0.96,3.4,4.19,215.861,88.755,8461.6,1.707,9.8,130246.0,65.1,165.0,560.0,5.0575,2122220.0,-1.378,1.528,2.44,0,1.658,7.48,-11.6,-8.367,-8.517
2009-10-01,0.12,0.95,3.39,4.19,216.509,89.082,8487.9,1.723,10.0,130061.0,65.0,165.0,558.0,4.952,2173382.25,-0.224,0.344,2.44,0,1.562,6.43,-12.0,-6.836,-6.956
2009-11-01,0.12,0.8,3.4,4.31,217.234,89.16,8517.0,1.723,9.9,130057.0,65.0,166.0,562.0,4.875,2178795.5,1.915,-1.795,2.6,0,1.475,6.1,-11.8,-3.528,-3.648
2009-12-01,0.12,0.87,3.59,4.49,217.347,89.236,8512.2,1.723,9.9,129808.0,64.6,158.0,535.0,4.93,2219218.0,2.814,-2.694,2.72,0,1.34,3.75,-11.8,-2.179,-2.299
2010-01-01,0.11,0.93,3.73,4.6,217.488,89.368,8477.7,1.735,9.8,129802.0,64.8,142.0,483.0,5.03,2256424.0,2.621,-2.511,2.8,0,1.3,2.28,-11.6,-2.368,-2.478
2010-02-01,0.13,0.86,3.69,4.62,217.281,89.446,8527.3,1.735,9.8,129706.0,64.9,150.0,510.0,4.99,2267424.75,2.151,-2.021,2.83,0,1.3,2.5,-11.6,-3.074,-3.204
2010-03-01,0.16,0.96,3.73,4.64,217.353,89.579,8523.5,1.735,9.9,129866.0,64.9,145.0,491.0,4.9675,2298183.4,2.286,-2.126,2.77,0,1.238,1.63,-11.8,-2.971,-3.131
2010-04-01,0.2,1.06,3.85,4.69,217.403,89.625,8554.8,1.742,9.9,130120.0,65.2,137.0,464.0,5.098000000000001,2328737.0,2.207,-2.007,2.79,0,1.248,1.95,-11.8,-3.09,-3.29
2010-05-01,0.2,0.83,3.42,4.29,217.29,89.724,8609.0,1.742,9.6,130642.0,64.9,149.0,506.0,4.8875,2336799.5,2.004,-1.804,2.59,0,1.468,1.89,-11.2,-3.094,-3.294
2010-06-01,0.18,0.72,3.2,4.13,217.199,89.767,8628.1,1.742,9.4,130510.0,64.6,172.0,583.0,4.7375,2337481.8,1.122,-0.942,2.48,0,1.537,2.0,-10.8,-4.217,-4.397
2010-07-01,0.18,0.62,3.01,3.99,217.605,89.769,8639.5,1.744,9.4,130415.0,64.6,170.0,578.0,4.564,2332588.5,1.341,-1.161,2.39,0,1.554,2.08,-10.8,-3.889,-4.069
2010-08-01,0.19,0.52,2.7,3.8,217.923,89.855,8687.9,1.744,9.5,130415.0,64.7,168.0,570.0,4.4275,2317172.25,1.15,-0.96,2.18,0,1.728,2.66,-11.0,-4.275,-4.465
2010-09-01,0.19,0.48,2.65,3.77,218.275,89.906,8718.7,1.744,9.5,130341.0,64.6,171.0,579.0,4.346,2301947.8,1.118,-0.928,2.17,0,1.696,3.04,-11.0,-4.323,-4.513
2010-10-01,0.19,0.38,2.54,3.87,219.035,90.043,8768.4,1.741,9.4,130620.0,64.4,181.0,612.0,4.225,2304649.0,1.167,-0.977,2.16,0,1.685,3.3,-10.8,-4.15,-4.34
2010-11-01,0.19,0.45,2.76,4.19,219.59,90.16,8789.0,1.741,9.8,130749.0,64.6,179.0,608.0,4.3,2318469.75,1.085,-0.895,2.31,0,1.54,3.19,-11.6,-4.672,-4.862
2010-12-01,0.18,0.62,3.29,4.42,220.472,90.179,8823.2,1.741,9.3,130830.0,64.3,160.0,541.0,4.714,2392691.8,1.438,-1.258,2.67,0,1.424,3.65,-10.6,-3.643,-3.823
2011-01-01,0.17,0.61,3.39,4.52,221.187,90.372,8849.0,1.723,9.1,130837.0,64.2,153.0,518.0,4.755,2443221.5,1.701,-1.531,2.78,0,1.365,4.38,-10.2,-3.048,-3.218
2011-02-01,0.16,0.77,3.58,4.65,221.898,90.53,8913.3,1.723,9.0,131057.0,64.1,146.0,495.0,4.9525,2502997.25,2.125,-1.965,2.81,0,1.372,4.53,-10.0,-2.312,-2.472
2011-03-01,0.14,0.7,3.41,4.51,223.046,90.667,8971.5,1.723,9.0,131283.0,64.2,149.0,504.0,4.836,2585821.0,2.619,-2.479,2.71,0,1.426,5.26,-10.0,-1.571,-1.711
2011-04-01,0.1,0.73,3.46,4.5,224.093,90.875,9035.1,1.708,9.1,131597.0,64.2,146.0,495.0,4.84,2672712.75,3.077,-2.977,2.73,0,1.38,5.61,-10.2,-0.984,-1.084
2011-05-01,0.09,0.56,3.17,4.29,224.806,91.091,9107.8,1.708,9.0,131703.0,64.1,148.0,502.0,4.6375,2749065.0,3.459,-3.369,2.61,0,1.468,5.79,-10.0,-0.311,-0.401
2011-06-01,0.09,0.41,3.0,4.23,224.806,91.191,9182.1,1.708,9.1,131931.0,64.0,156.0,529.0,4.51,2829826.4,3.502,-3.412,2.59,0,1.51,6.42,-10.2,-0.347,-0.437
2011-07-01,0.07,0.41,3.0,4.27,225.395,91.326,9344.2,1.651,9.0,131992.0,64.0,157.0,531.0,4.545,2870763.5,3.58,-3.51,2.59,0,1.545,8.16,-10.0,-0.13,-0.2
2011-08-01,0.1,0.23,2.3,3.65,226.106,91.508,9531.0,1.651,9.0,132125.0,64.1,174.0,589.0,4.27,2862173.0,3.755,-3.655,2.07,0,1.97,9.7,-10.0,0.133,0.033
2011-09-01,0.08,0.21,1.98,3.18,226.597,91.57,9551.5,1.651,9.0,132344.0,64.2,187.0,635.0,4.106,2857717.0,3.813,-3.733,1.77,0,2.126,9.55,-10.0,0.22,0.14
2011-10-01,0.07,0.28,2.15,3.13,226.75,91.614,9584.4,1.644,8.8,132553.0,64.1,183.0,620.0,4.0675,2854649.5,3.522,-3.452,1.87,0,1.918,9.31,-9.6,-0.017,-0.087
2011-11-01,0.08,0.25,2.01,3.02,227.169,91.808,9636.5,1.644,8.6,132690.0,64.1,177.0,601.0,3.9925,2825922.2,3.451,-3.371,1.76,0,1.983,9.64,-9.2,0.077,-0.003
2011-12-01,0.07,0.26,1.98,2.98,227.223,91.96,9683.9,1.644,8.5,132888.0,64.0,186.0,630.0,3.9579999999999997,2891339.75,3.062,-2.992,1.72,0,1.978,9.75,-9.0,-0.407,-0.477
2012-01-01,0.08,0.24,1.97,3.03,227.842,92.235,9757.6,1.638,8.3,133246.0,63.7,185.0,628.0,3.915,2913951.5,3.009,-2.929,1.73,0,1.945,10.27,-8.6,-0.287,-0.367
2012-02-01,0.1,0.28,1.97,3.11,228.329,92.364,9809.8,1.638,8.3,133509.0,63.8,180.0,610.0,3.89,2929930.0,2.898,-2.798,1.69,0,1.92,10.06,-8.6,-0.453,-0.553
2012-03-01,0.13,0.34,2.17,3.28,228.807,92.521,9853.9,1.638,8.2,133748.0,63.8,174.0,589.0,3.9539999999999997,2887272.5,2.583,-2.453,1.83,0,1.784,9.84,-8.4,-0.825,-0.955
2012-04-01,0.14,0.29,2.05,3.18,229.187,92.661,9907.7,1.627,8.2,133825.0,63.7,178.0,604.0,3.91,2868677.25,2.273,-2.133,1.76,0,1.86,9.66,-8.4,-1.29,-1.43
2012-05-01,0.16,0.29,1.8,2.93,228.713,92.755,9951.4,1.627,8.2,133932.0,63.7,186.0,630.0,3.7979999999999996,2856312.6,1.738,-1.578,1.51,0,1.998,9.26,-8.4,-2.093,-2.253
2012-06-01,0.16,0.29,1.62,2.7,228.524,92.85,10021.6,1.627,8.2,134013.0,63.8,193.0,655.0,3.675,2863870.5,1.654,-1.494,1.33,0,2.055,9.14,-8.4,-2.219,-2.379
2012-07-01,0.16,0.25,1.53,2.59,228.59,92.946,10074.5,1.608,8.2,134157.0,63.7,190.0,645.0,3.55,2858675.25,1.418,-1.258,1.28,0,2.02,7.82,-8.4,-2.573,-2.733
2012-08-01,0.13,0.27,1.68,2.77,229.918,93.005,10145.6,1.608,8.1,134339.0,63.5,183.0,622.0,3.6019999999999994,2835816.6,1.686,-1.556,1.41,0,1.922,6.45,-8.2,-2.071,-2.201
2012-09-01,0.14,0.26,1.72,2.88,231.015,93.119,10226.1,1.608,7.8,134517.0,63.6,177.0,601.0,3.4975,2817912.0,1.95,-1.81,1.46,0,1.778,7.06,-7.6,-1.375,-1.515
2012-10-01,0.16,0.28,1.75,2.9,231.638,93.345,10292.4,1.582,7.8,134669.0,63.8,161.0,547.0,3.3825000000000003,2826231.2,2.156,-1.996,1.47,0,1.633,7.39,-7.6,-1.066,-1.226
2012-11-01,0.16,0.27,1.65,2.8,231.249,93.445,10361.9,1.582,7.7,134825.0,63.6,162.0,551.0,3.3519999999999994,2857639.5,1.796,-1.636,1.38,0,1.702,7.53,-7.4,-1.506,-1.666
2012-12-01,0.16,0.26,1.72,2.88,231.221,93.514,10484.1,1.582,7.9,135074.0,63.7,165.0,560.0,3.3449999999999998,2901149.5,1.76,-1.6,1.46,0,1.625,8.26,-7.8,-1.76,-1.92
2013-01-01,0.14,0.27,1.91,3.08,231.679,93.703,10508.1,1.58,8.0,135257.0,63.7,160.0,543.0,3.414,2966026.0,1.684,-1.544,1.64,0,1.504,7.69,-8.0,-1.974,-2.114
2013-02-01,0.15,0.27,1.98,3.17,232.937,93.805,10527.5,1.58,7.7,135546.0,63.4,162.0,551.0,3.5324999999999998,3068737.5,2.018,-1.868,1.71,0,1.552,7.32,-7.4,-1.173,-1.323
2013-03-01,0.14,0.26,1.96,3.16,232.282,93.891,10583.8,1.58,7.5,135689.0,63.3,165.0,558.0,3.565,3170836.25,1.519,-1.379,1.7,0,1.605,7.41,-7.0,-1.721,-1.861
2013-04-01,0.15,0.23,1.76,2.93,231.797,93.937,10611.3,1.57,7.6,135873.0,63.4,161.0,545.0,3.4450000000000003,3264238.0,1.139,-0.989,1.53,0,1.685,7.1,-7.2,-2.392,-2.542
2013-05-01,0.11,0.25,1.93,3.11,231.893,94.047,10646.1,1.57,7.5,136096.0,63.4,159.0,539.0,3.536,3355983.8,1.39,-1.28,1.68,0,1.606,6.98,-7.0,-1.915,-2.025
2013-06-01,0.09,0.33,2.3,3.4,232.445,94.209,10703.3,1.57,7.5,136279.0,63.4,164.0,556.0,4.07,3440056.75,1.716,-1.626,1.97,0,1.77,6.8,-7.0,-1.426,-1.516
2013-07-01,0.09,0.34,2.58,3.61,232.9,94.329,10742.8,1.57,7.3,136391.0,63.3,156.0,527.0,4.37,3536213.8,1.885,-1.795,2.24,0,1.79,6.63,-6.6,-0.973,-1.063
2013-08-01,0.08,0.36,2.74,3.76,233.456,94.431,10801.2,1.57,7.2,136646.0,63.3,153.0,518.0,4.456,3630451.5,1.539,-1.459,2.38,0,1.716,6.46,-6.4,-1.392,-1.472
2013-09-01,0.08,0.4,2.81,3.79,233.544,94.543,10862.0,1.57,7.2,136821.0,63.2,151.0,512.0,4.49,3693106.75,1.095,-1.015,2.41,0,1.68,6.22,-6.4,-2.058,-2.138
2013-10-01,0.09,0.34,2.62,3.68,233.669,94.703,10986.3,1.561,7.2,137041.0,62.8,153.0,518.0,4.192,3800415.6,0.877,-0.787,2.28,0,1.572,6.74,-6.4,-2.384,-2.474
2013-11-01,0.08,0.3,2.72,3.8,234.1,94.86,10995.6,1.561,6.9,137317.0,63.0,152.0,514.0,4.255,3897885.75,1.233,-1.153,2.42,0,1.535,6.12,-5.8,-1.55,-1.63
2013-12-01,0.09,0.34,2.9,3.89,234.719,94.961,11060.1,1.561,6.7,137372.0,62.9,141.0,477.0,4.4575,3991804.5,1.513,-1.423,2.56,0,1.557,5.49,-5.4,-0.931,-1.021
2014-01-01,0.07,0.39,2.86,3.77,235.288,95.064,11130.8,1.537,6.6,137561.0,62.9,132.0,449.0,4.432,4064681.0,1.558,-1.488,2.47,0,1.572,5.93,-5.2,-0.763,-0.833
2014-02-01,0.07,0.33,2.71,3.66,235.547,95.109,11196.8,1.537,6.7,137712.0,62.9,136.0,460.0,4.3025,4134488.75,1.12,-1.05,2.38,0,1.593,6.36,-5.4,-1.52,-1.59
2014-03-01,0.08,0.4,2.72,3.62,236.028,95.25,11232.6,1.537,6.7,137985.0,63.1,133.0,450.0,4.3425,4200543.75,1.613,-1.533,2.32,0,1.622,6.13,-5.4,-0.781,-0.861
2014-04-01,0.09,0.42,2.71,3.52,236.468,95.413,11277.7,1.545,6.2,138298.0,62.8,125.0,424.0,4.3375,4271396.8,2.015,-1.925,2.29,0,1.628,6.28,-4.4,0.322,0.232
2014-05-01,0.09,0.39,2.56,3.39,236.918,95.574,11342.8,1.545,6.3,138513.0,62.9,125.0,424.0,4.192,4322501.5,2.167,-2.077,2.17,0,1.632,6.54,-4.6,0.45,0.36
2014-06-01,0.1,0.45,2.6,3.42,237.231,95.682,11398.1,1.545,6.1,138849.0,62.8,125.0,424.0,4.1625,4352084.25,2.059,-1.959,2.15,0,1.562,6.49,-4.2,0.489,0.389
2014-07-01,0.09,0.51,2.54,3.33,237.498,95.848,11453.0,1.55,6.2,139072.0,62.9,124.0,422.0,4.13,4395203.2,1.974,-1.884,2.03,0,1.59,6.61,-4.4,0.261,0.171
2014-08-01,0.09,0.47,2.42,3.2,237.46,95.885,11477.3,1.55,6.1,139269.0,62.9,129.0,437.0,4.115,4417173.5,1.715,-1.625,1.95,0,1.695,6.26,-4.2,-0.028,-0.118
2014-09-01,0.09,0.57,2.53,3.26,237.477,96.013,11519.1,1.55,5.9,139563.0,62.8,129.0,437.0,4.1625,4436408.25,1.684,-1.594,1.96,0,1.632,6.05,-3.8,0.126,0.036
2014-10-01,0.09,0.45,2.3,3.04,237.43,96.096,11593.1,1.538,5.7,139798.0,62.9,135.0,458.0,4.036,4469678.6,1.61,-1.52,1.85,0,1.736,5.52,-3.4,0.215,0.125
2014-11-01,0.09,0.53,2.33,3.04,236.983,96.181,11634.2,1.538,5.8,140089.0,62.9,140.0,474.0,3.9975,4488542.5,1.232,-1.142,1.8,0,1.668,5.81,-3.6,-0.452,-0.542
2014-12-01,0.12,0.64,2.21,2.83,236.252,96.249,11717.6,1.538,5.6,140364.0,62.8,144.0,487.0,3.864,4496884.8,0.653,-0.533,1.57,0,1.654,5.94,-3.2,-1.12,-1.24
2015-01-01,0.11,0.55,1.88,2.46,234.747,96.214,11805.2,1.52,5.7,140568.0,62.9,146.0,495.0,3.67,4507150.25,-0.23,0.34,1.33,0,1.79,6.06,-3.4,-2.545,-2.655
2015-02-01,0.11,0.62,1.98,2.57,235.342,96.324,11922.8,1.52,5.5,140827.0,62.7,144.0,487.0,3.71,4496402.25,-0.087,0.197,1.36,0,1.73,6.48,-3.0,-2.13,-2.24
2015-03-01,0.11,0.64,2.04,2.63,235.976,96.47,11920.5,1.52,5.4,140923.0,62.6,142.0,481.0,3.77,4488338.25,-0.022,0.132,1.4,0,1.73,6.12,-2.8,-1.933,-2.043
2015-04-01,0.12,0.54,1.94,2.59,236.222,96.648,11954.6,1.525,5.4,141196.0,62.8,145.0,491.0,3.6719999999999997,4482355.6,-0.104,0.224,1.4,0,1.732,6.0,-2.8,-2.056,-2.176
2015-05-01,0.12,0.61,2.2,2.96,237.001,96.766,11982.6,1.525,5.6,141538.0,62.9,153.0,518.0,3.84,4479564.0,0.035,0.085,1.59,0,1.64,5.64,-3.2,-2.048,-2.168
2015-06-01,0.13,0.69,2.36,3.11,237.657,96.882,12023.2,1.525,5.3,141709.0,62.7,157.0,531.0,3.9825,4479059.25,0.18,-0.05,1.67,0,1.622,5.48,-2.6,-1.53,-1.66
2015-07-01,0.13,0.67,2.32,3.07,238.034,96.978,12067.0,1.519,5.2,141991.0,62.6,164.0,554.0,4.046,4488001.4,0.226,-0.096,1.65,0,1.726,5.36,-2.4,-1.361,-1.491
2015-08-01,0.14,0.7,2.17,2.86,238.033,97.056,12112.0,1.519,5.1,142125.0,62.6,171.0,581.0,3.9050000000000002,4484473.0,0.241,-0.101,1.47,0,1.735,5.53,-2.2,-1.239,-1.379
2015-09-01,0.14,0.71,2.17,2.95,237.498,97.196,12173.9,1.519,5.0,142275.0,62.4,180.0,610.0,3.89,4484700.6,0.009,0.131,1.46,0,1.72,5.68,-2.0,-1.486,-1.626
2015-10-01,0.12,0.64,2.07,2.89,237.733,97.228,12225.2,1.498,5.0,142579.0,62.5,186.0,630.0,3.7960000000000003,4495400.0,0.128,-0.008,1.43,0,1.726,5.45,-2.0,-1.308,-1.428
2015-11-01,0.12,0.88,2.26,3.03,238.017,97.332,12317.0,1.498,5.1,142808.0,62.5,181.0,614.0,3.9425,4486380.75,0.436,-0.316,1.38,0,1.682,5.87,-2.2,-0.946,-1.066
2015-12-01,0.24,0.98,2.24,2.97,237.761,97.396,12387.9,1.498,5.0,143077.0,62.7,182.0,618.0,3.964,4486241.6,0.639,-0.399,1.26,0,1.724,5.72,-2.0,-0.542,-0.782
2016-01-01,0.34,0.9,2.09,2.86,237.652,97.567,12518.5,1.471,4.8,143210.0,62.7,191.0,647.0,3.8725,4489872.5,1.238,-0.898,1.19,0,1.783,6.04,-1.6,0.557,0.217
2016-02-01,0.38,0.73,1.78,2.62,237.336,97.736,12603.9,1.471,4.9,143406.0,62.8,202.0,685.0,3.66,4485799.5,0.847,-0.467,1.05,0,1.88,5.71,-1.8,-0.13,-0.51
2016-03-01,0.36,0.88,1.89,2.68,238.08,97.876,12661.8,1.471,5.0,143662.0,63.0,184.0,624.0,3.694,4484319.6,0.892,-0.532,1.01,0,1.804,6.22,-2.0,-0.162,-0.522
2016-04-01,0.37,0.77,1.81,2.62,238.992,98.117,12743.2,1.462,5.1,143854.0,62.9,169.0,574.0,3.605,4487148.5,1.173,-0.803,1.04,0,1.795,6.6,-2.2,0.159,-0.211
2016-05-01,0.37,0.82,1.81,2.63,239.557,98.284,12802.0,1.462,4.8,143900.0,62.7,163.0,553.0,3.6,4472633.25,1.078,-0.708,0.99,0,1.79,6.84,-1.6,0.317,-0.053
2016-06-01,0.38,0.73,1.64,2.45,240.222,98.386,12852.5,1.462,4.9,144147.0,62.7,164.0,554.0,3.568,4469248.6,1.079,-0.699,0.91,0,1.928,6.9,-1.8,0.219,-0.161
2016-07-01,0.39,0.67,1.5,2.23,240.101,98.529,12911.9,1.455,4.8,144520.0,62.8,154.0,522.0,3.44,4472069.5,0.868,-0.478,0.83,0,1.94,7.0,-1.6,0.002,-0.388
2016-08-01,0.4,0.74,1.56,2.26,240.545,98.703,12989.7,1.455,4.9,144661.0,62.9,152.0,516.0,3.435,4466789.0,1.055,-0.655,0.82,0,1.875,7.25,-1.8,0.182,-0.218
2016-09-01,0.4,0.77,1.63,2.35,241.176,98.834,13054.9,1.455,5.0,144967.0,62.9,152.0,516.0,3.46,4466515.75,1.549,-1.149,0.86,0,1.83,7.24,-2.0,0.823,0.423
2016-10-01,0.4,0.84,1.76,2.5,241.741,98.961,13122.8,1.447,4.9,145065.0,62.8,148.0,502.0,3.47,4459703.25,1.686,-1.286,0.92,0,1.71,7.34,-1.8,1.129,0.729
2016-11-01,0.41,0.98,2.14,2.86,242.026,99.005,13208.7,1.447,4.7,145183.0,62.7,146.0,495.0,3.77,4454779.2,1.684,-1.274,1.16,0,1.63,7.24,-1.4,1.326,0.916
2016-12-01,0.54,1.2,2.49,3.11,242.637,99.12,13234.9,1.447,4.7,145408.0,62.7,133.0,450.0,4.198,4460032.75,2.051,-1.511,1.29,0,1.708,6.84,-1.4,1.877,1.337
2017-01-01,0.65,1.21,2.43,3.02,243.618,99.385,13315.7,1.44,4.7,145628.0,62.8,127.0,429.0,4.15,4454801.5,2.51,-1.86,1.22,0,1.72,6.37,-1.4,2.565,1.915
2017-02-01,0.66,1.2,2.42,3.03,244.006,99.561,13394.8,1.44,4.6,145846.0,62.9,126.0,427.0,4.1675,4458373.75,2.81,-2.15,1.22,0,1.748,6.28,-1.2,3.115,2.455
2017-03-01,0.79,1.31,2.48,3.08,243.892,99.519,13463.6,1.44,4.4,145970.0,62.9,125.0,424.0,4.196,4467057.8,2.441,-1.651,1.17,0,1.716,6.33,-0.8,2.762,1.972
2017-04-01,0.9,1.24,2.3,2.94,244.193,99.723,13521.7,1.434,4.4,146175.0,63.0,129.0,437.0,4.045,4477134.5,2.176,-1.276,1.06,0,1.745,6.11,-0.8,2.364,1.464
2017-05-01,0.91,1.3,2.3,2.96,244.004,99.803,13568.9,1.434,4.4,146380.0,62.8,128.0,433.0,4.01,4468515.8,1.856,-0.946,1.0,0,1.71,5.99,-0.8,1.884,0.974
2017-06-01,1.04,1.34,2.19,2.8,244.163,99.937,13580.5,1.434,4.3,146583.0,62.8,124.0,420.0,3.904,4469079.0,1.641,-0.601,0.85,0,1.714,5.66,-0.6,1.662,0.622
2017-07-01,1.15,1.37,2.32,2.88,244.243,100.01,13643.1,1.438,4.3,146772.0,62.9,118.0,398.0,3.9675000000000002,4469040.25,1.725,-0.575,0.95,0,1.648,5.66,-0.6,1.788,0.638
2017-08-01,1.16,1.34,2.21,2.8,245.183,100.118,13697.7,1.438,4.4,146919.0,62.9,119.0,404.0,3.88,4462999.4,1.928,-0.768,0.87,0,1.67,5.45,-0.8,1.992,0.832
2017-09-01,1.15,1.38,2.2,2.78,246.435,100.24,13745.1,1.438,4.3,147008.0,63.1,119.0,404.0,3.8049999999999997,4459721.25,2.181,-1.031,0.82,0,1.605,5.29,-0.6,2.472,1.322
2017-10-01,1.15,1.55,2.36,2.88,246.626,100.486,13800.1,1.448,4.2,147149.0,62.7,111.0,377.0,3.895,4462669.25,2.021,-0.871,0.81,0,1.535,5.16,-0.4,2.331,1.181
2017-11-01,1.16,1.7,2.35,2.8,247.284,100.535,13843.5,1.448,4.2,147372.0,62.7,109.0,370.0,3.9219999999999997,4450387.0,2.172,-1.012,0.65,0,1.572,4.81,-0.4,2.558,1.398
2017-12-01,1.3,1.84,2.4,2.77,247.805,100.683,13881.7,1.448,4.1,147523.0,62.7,103.0,350.0,3.95,4446506.0,2.13,-0.83,0.56,0,1.55,4.89,-0.2,2.595,1.295
2018-01-01,1.41,2.03,2.58,2.88,248.859,101.007,13900.3,1.457,4.0,147660.0,62.7,95.0,321.0,4.032500000000001,4437893.4,2.151,-0.741,0.55,0,1.453,4.39,-0.0,2.726,1.316
2018-02-01,1.42,2.18,2.86,3.13,249.529,101.198,13949.3,1.457,4.1,148054.0,63.0,94.0,318.0,4.33,4415167.25,2.263,-0.843,0.68,0,1.47,4.14,-0.2,2.794,1.374
2018-03-01,1.51,2.28,2.84,3.09,249.577,101.419,14012.7,1.457,4.0,148280.0,62.9,102.0,347.0,4.444,4399193.75,2.331,-0.821,0.56,0,1.604,4.08,-0.0,2.996,1.486
2018-04-01,1.69,2.38,2.87,3.07,250.227,101.602,14035.9,1.461,4.0,148420.0,62.9,102.0,347.0,4.4675,4382144.25,2.471,-0.781,0.49,0,1.598,3.8,-0.0,3.206,1.516
2018-05-01,1.7,2.51,2.98,3.13,250.792,101.78,14092.4,1.461,3.8,148742.0,62.9,105.0,356.0,4.586,4343353.0,2.782,-1.082,0.47,0,1.606,3.86,0.4,3.873,2.173
2018-06-01,1.82,2.53,2.91,3.05,251.018,101.872,14137.2,1.461,4.0,148960.0,63.0,109.0,370.0,4.57,4316371.0,2.808,-0.988,0.38,0,1.66,4.1,-0.0,3.712,1.892
2018-07-01,1.91,2.61,2.89,3.01,251.214,102.006,14174.6,1.463,3.8,149020.0,63.0,108.0,366.0,4.5275,4287565.25,2.854,-0.944,0.28,0,1.637,3.9,0.4,3.981,2.071
2018-08-01,1.91,2.64,2.89,3.04,251.663,102.016,14223.2,1.463,3.8,149277.0,62.6,107.0,362.0,4.55,4238067.8,2.643,-0.733,0.25,0,1.66,3.84,0.4,3.664,1.754
2018-09-01,1.95,2.77,3.0,3.15,252.182,102.205,14245.5,1.463,3.7,149358.0,62.8,107.0,362.0,4.6274999999999995,4205069.0,2.332,-0.382,0.23,0,1.627,3.64,0.6,3.298,1.348
2018-10-01,2.19,2.86,3.15,3.34,252.772,102.366,14256.6,1.462,3.8,149527.0,62.9,108.0,368.0,4.83,4167971.4,2.492,-0.302,0.29,0,1.68,3.31,0.4,3.438,1.248
2018-11-01,2.2,2.86,3.12,3.36,252.594,102.556,14282.8,1.462,3.8,149617.0,62.9,120.0,406.0,4.866,4122799.0,2.147,0.053,0.26,0,1.746,3.17,0.4,2.92,0.72
2018-12-01,2.27,2.68,2.83,3.1,252.767,102.735,14386.8,1.462,3.9,149809.0,63.0,131.0,443.0,4.6375,4083567.0,2.002,0.268,0.15,0,1.808,3.64,0.2,2.603,0.333
2019-01-01,2.4,2.54,2.71,3.04,252.561,102.87,14459.7,1.455,4.0,150060.0,63.1,137.0,464.0,4.464,4050343.0,1.488,0.912,0.17,0,1.754,4.02,-0.0,1.732,-0.668
2019-02-01,2.4,2.5,2.68,3.02,253.319,102.963,14506.3,1.455,3.8,150067.0,63.1,129.0,437.0,4.37,4002697.75,1.519,0.881,0.18,0,1.69,3.99,0.4,1.979,-0.421
2019-03-01,2.41,2.41,2.57,2.98,254.277,103.058,14557.5,1.455,3.8,150295.0,63.0,128.0,435.0,4.265,3964764.5,1.883,0.527,0.16,0,1.695,3.89,0.4,2.524,0.114
2019-04-01,2.42,2.34,2.53,2.94,255.233,103.265,14594.7,1.456,3.7,150591.0,62.8,123.0,418.0,4.1425,3933098.25,2.001,0.419,0.19,0,1.613,3.98,0.6,2.802,0.382
2019-05-01,2.39,2.21,2.4,2.82,255.296,103.371,14704.4,1.456,3.6,150618.0,62.9,127.0,429.0,4.072,3871707.0,1.796,0.594,0.19,0,1.672,4.34,0.8,2.594,0.204
2019-06-01,2.38,1.81,2.07,2.57,255.213,103.56,14802.8,1.456,3.6,150838.0,63.0,136.0,460.0,3.8024999999999998,3842108.25,1.671,0.709,0.26,0,1.732,4.71,0.8,2.407,0.027
2019-07-01,2.4,1.84,2.06,2.57,255.802,103.678,14886.8,1.451,3.7,150937.0,63.1,126.0,427.0,3.765,3803776.8,1.826,0.574,0.22,0,1.705,5.02,0.6,2.539,0.139
2019-08-01,2.13,1.57,1.63,2.12,256.036,103.797,14974.4,1.451,3.6,151169.0,63.1,128.0,433.0,3.6159999999999997,3773093.25,1.738,0.392,0.06,0,1.986,5.28,0.8,2.507,0.377
2019-09-01,2.04,1.65,1.7,2.16,256.43,103.873,15047.0,1.451,3.5,151365.0,63.2,126.0,427.0,3.605,3808397.75,1.684,0.356,0.05,0,1.905,5.63,1.0,2.526,0.486
2019-10-01,1.83,1.55,1.71,2.19,257.155,104.028,15184.1,1.436,3.6,151460.0,63.3,126.0,427.0,3.6879999999999997,3970156.0,1.734,0.096,0.16,0,1.978,6.51,0.8,2.501,0.671
2019-11-01,1.55,1.61,1.81,2.28,257.879,104.092,15296.0,1.436,3.6,151667.0,63.3,121.0,410.0,3.6950000000000003,4042612.25,2.092,-0.542,0.2,0,1.885,7.09,0.8,3.038,1.488
2019-12-01,1.55,1.61,1.86,2.3,258.63,104.322,15347.5,1.436,3.6,151794.0,63.3,115.0,389.0,3.72,4115957.5,2.32,-0.77,0.25,0,1.86,6.68,0.8,3.38,1.83
2020-01-01,1.55,1.52,1.76,2.22,259.127,104.507,15427.1,1.39,3.6,152031.0,63.3,114.0,387.0,3.624,4159312.4,2.6,-1.05,0.24,0,1.864,6.69,0.8,3.8,2.25
2020-02-01,1.58,1.33,1.5,1.97,259.25,104.711,15493.4,1.39,3.5,152293.0,63.3,120.0,406.0,3.4650000000000003,4169900.75,2.341,-0.761,0.17,0,1.965,6.8,1.0,3.512,1.932
2020-03-01,0.65,0.45,0.87,1.46,258.076,104.632,16033.0,1.39,4.4,150895.0,62.6,194.0,658.0,3.45,4618977.0,1.494,-0.844,0.42,0,2.58,10.14,-0.8,1.341,0.691
2020-04-01,0.05,0.22,0.66,1.27,256.032,104.293,17065.3,1.126,14.8,130426.0,60.1,197.0,668.0,3.306,6298340.0,0.313,-0.263,0.44,0,2.646,16.93,-21.6,-10.83,-10.88
2020-05-01,0.05,0.17,0.67,1.38,255.802,104.402,17932.9,1.126,13.2,133040.0,60.8,186.0,631.0,3.2325,6947555.25,0.198,-0.148,0.5,0,2.562,21.96,-18.4,-9.403,-9.453
2020-06-01,0.08,0.19,0.73,1.49,257.042,104.565,18184.3,1.126,11.0,137671.0,61.5,165.0,560.0,3.1625,7127786.25,0.717,-0.637,0.54,0,2.432,22.84,-14.0,-6.424,-6.504
2020-07-01,0.09,0.15,0.62,1.31,258.352,104.937,18335.4,1.176,10.2,139255.0,61.5,153.0,518.0,3.016,6960429.4,0.997,-0.907,0.47,0,2.396,23.17,-12.4,-5.204,-5.294
2020-08-01,0.1,0.14,0.65,1.36,259.316,105.243,18411.2,1.176,8.4,140821.0,61.7,149.0,504.0,2.935,6975892.25,1.281,-1.181,0.51,0,2.285,22.95,-8.8,-2.979,-3.079
2020-09-01,0.09,0.13,0.68,1.42,259.997,105.41,18602.5,1.176,7.8,141770.0,61.4,152.0,516.0,2.89,7048374.2,1.391,-1.301,0.55,0,2.21,23.63,-7.6,-2.214,-2.304
2020-10-01,0.09,0.15,0.79,1.57,260.319,105.507,18757.6,1.165,6.9,142460.0,61.7,150.0,510.0,2.834,7137411.5,1.23,-1.14,0.64,0,2.044,23.53,-5.8,-1.555,-1.645
2020-11-01,0.09,0.17,0.87,1.62,260.911,105.605,18997.0,1.165,6.7,142733.0,61.5,138.0,468.0,2.765,7198114.0,1.176,-1.086,0.7,0,1.895,24.2,-5.4,-1.436,-1.526
2020-12-01,0.09,0.14,0.93,1.67,262.045,105.896,19115.7,1.165,6.7,142548.0,61.5,127.0,429.0,2.684,7319010.8,1.32,-1.23,0.79,0,1.754,24.55,-5.4,-1.22,-1.31
2021-01-01,0.09,0.13,1.08,1.82,262.687,106.281,19379.0,1.155,6.4,142863.0,61.4,123.0,416.0,2.735,7372161.25,1.374,-1.284,0.95,0,1.655,25.62,-4.8,-0.839,-0.929
2021-02-01,0.08,0.12,1.26,2.04,263.579,106.501,19641.8,1.155,6.2,143380.0,61.4,123.0,416.0,2.81,7500084.0,1.67,-1.59,1.14,0,1.55,26.78,-4.4,-0.195,-0.275
2021-03-01,0.07,0.15,1.61,2.34,264.961,106.933,19873.2,1.155,6.1,144232.0,61.5,121.0,410.0,3.0825,7647908.2,2.668,-2.598,1.46,0,1.472,23.95,-4.2,1.402,1.332
2021-04-01,0.07,0.16,1.64,2.3,266.614,107.558,20175.4,1.15,6.1,144587.0,61.6,112.0,379.0,3.06,7775974.0,4.133,-4.063,1.48,0,1.42,18.22,-4.2,3.6,3.53
2021-05-01,0.06,0.16,1.62,2.32,268.383,108.099,20459.0,1.15,5.8,145065.0,61.6,114.0,385.0,2.9625,7866893.25,4.918,-4.858,1.46,0,1.342,14.09,-3.6,5.077,5.017
2021-06-01,0.08,0.2,1.52,2.16,270.654,108.603,20477.1,1.15,5.9,145820.0,61.7,110.0,372.0,2.975,8026555.2,5.296,-5.216,1.32,0,1.455,12.61,-3.8,5.544,5.464
2021-07-01,0.1,0.22,1.32,1.94,271.903,109.058,20633.3,1.152,5.4,146762.0,61.8,110.0,372.0,2.868,8190356.75,5.245,-5.145,1.1,0,1.548,12.53,-2.8,5.967,5.867
2021-08-01,0.09,0.22,1.28,1.92,272.676,109.409,20840.7,1.152,5.1,147314.0,61.7,111.0,377.0,2.8425000000000002,8291893.25,5.152,-5.062,1.06,0,1.563,13.2,-2.2,6.128,6.038
2021-09-01,0.08,0.24,1.37,1.94,273.91,109.641,20981.0,1.152,4.7,147771.0,61.7,106.0,358.0,2.9,8418612.4,5.351,-5.271,1.13,0,1.53,12.79,-1.4,6.826,6.746
2021-10-01,0.08,0.39,1.58,2.06,276.55,110.188,21160.7,1.163,4.5,148572.0,61.8,100.0,341.0,3.0675,8516524.5,6.235,-6.155,1.19,0,1.487,12.81,-1.0,8.353,8.273
2021-11-01,0.08,0.51,1.56,1.94,278.919,110.77,21335.9,1.163,4.1,149230.0,61.9,98.0,331.0,3.0675,8648682.25,6.902,-6.822,1.05,0,1.507,12.31,-0.2,9.753,9.673
2021-12-01,0.08,0.68,1.47,1.85,280.845,111.418,21498.8,1.163,3.9,149816.0,62.0,104.0,352.0,3.098,8723909.4,7.174,-7.094,0.79,0,1.628,12.47,0.2,10.361,10.281
2022-01-01,0.08,0.98,1.76,2.1,282.543,111.976,21650.0,1.163,4.0,150006.0,62.2,103.0,350.0,3.4450000000000003,8820579.5,7.559,-7.479,0.78,0,1.685,11.72,-0.0,10.839,10.759
2022-02-01,0.08,1.44,1.93,2.25,284.5,112.468,21724.8,1.163,3.9,150825.0,62.3,115.0,391.0,3.7625,8897595.5,7.937,-7.857,0.49,0,1.833,10.6,0.2,11.506,11.426
2022-03-01,0.2,1.91,2.13,2.41,287.674,112.914,21786.8,1.163,3.7,151315.0,62.4,123.0,418.0,4.172,8933825.0,8.572,-8.372,0.22,0,2.042,9.63,0.6,12.658,12.458
2022-04-01,0.33,2.54,2.75,2.81,288.561,113.307,21769.5,1.191,3.7,151623.0,62.2,108.0,368.0,4.9825,8949532.25,8.232,-7.902,0.21,0,2.232,7.9,0.6,12.148,11.818
2022-05-01,0.77,2.62,2.9,3.07,291.298,113.703,21719.5,1.191,3.6,151924.0,62.3,126.0,427.0,5.2299999999999995,8935539.75,8.538,-7.768,0.28,0,2.33,6.16,0.8,12.707,11.937
2022-06-01,1.21,3.0,3.14,3.25,294.957,114.376,21651.2,1.191,3.6,152358.0,62.2,120.0,408.0,5.522,8922724.6,8.979,-7.769,0.14,0,2.382,5.73,0.8,13.368,12.158
2022-07-01,1.68,3.04,2.9,3.1,294.913,114.628,21652.8,1.219,3.5,153072.0,62.1,132.0,447.0,5.4125,8894233.75,8.463,-6.783,-0.14,1,2.512,4.94,1.0,12.694,11.014
2022-08-01,2.33,3.25,2.9,3.13,295.097,115.276,21638.2,1.219,3.6,153362.0,62.3,128.0,433.0,5.2225,8856209.8,8.223,-5.893,-0.35,1,2.323,3.83,0.8,12.235,9.905
2022-09-01,2.56,3.86,3.52,3.56,296.349,115.788,21536.5,1.219,3.5,153582.0,62.2,123.0,418.0,6.112,8816882.25,8.192,-5.632,-0.34,1,2.592,2.65,1.0,12.288,9.728
2022-10-01,3.08,4.38,3.98,4.04,298.007,116.204,21461.5,1.252,3.6,153939.0,62.2,129.0,439.0,6.9,8746258.5,7.759,-4.679,-0.4,1,2.92,1.42,0.8,11.538,8.458
2022-11-01,3.78,4.5,3.89,4.0,298.786,116.539,21406.5,1.252,3.6,154242.0,62.1,123.0,418.0,6.805,8637468.4,7.123,-3.343,-0.61,1,2.915,0.33,0.8,10.584,6.804
2022-12-01,4.1,4.29,3.62,3.66,298.832,116.952,21291.0,1.252,3.5,154342.0,62.3,112.0,381.0,6.364,8570432.0,6.405,-2.305,-0.67,1,2.744,-0.97,1.0,9.608,5.508
2023-01-01,4.33,4.21,3.53,3.66,300.42,117.505,21279.4,1.286,3.5,154776.0,62.4,112.0,379.0,6.2725,8493903.0,6.327,-1.997,-0.68,1,2.742,-1.71,1.0,9.49,5.16
2023-02-01,4.57,4.53,3.75,3.8,301.45,117.929,21242.9,1.286,3.6,155066.0,62.5,105.0,356.0,6.2575,8408984.0,5.958,-1.388,-0.78,1,2.508,-2.22,0.8,8.837,4.267
2023-03-01,4.65,4.3,3.66,3.77,301.821,118.315,20946.8,1.286,3.5,155134.0,62.6,116.0,395.0,6.544,8552199.2,4.918,-0.268,-0.64,1,2.884,-3.86,1.0,7.377,2.727
2023-04-01,4.83,4.02,3.46,3.68,302.845,118.734,20761.4,1.324,3.4,155375.0,62.6,118.0,398.0,6.342499999999999,8600803.0,4.95,-0.12,-0.56,1,2.882,-4.63,1.2,7.525,2.695
2023-05-01,5.06,4.13,3.57,3.86,303.334,119.083,20829.7,1.324,3.6,155655.0,62.6,124.0,422.0,6.425,8457176.0,4.132,0.928,-0.56,1,2.855,-4.1,0.8,6.098,1.038
2023-06-01,5.08,4.64,3.75,3.87,304.014,119.39,20799.3,1.324,3.6,155880.0,62.6,135.0,424.0,6.714,8370155.5,3.071,2.009,-0.89,1,2.964,-3.93,0.8,4.507,-0.573
2023-07-01,5.12,4.83,3.9,3.96,304.609,119.556,20791.2,1.352,3.5,156043.0,62.6,126.0,394.0,6.84,8278282.75,3.288,1.832,-0.93,1,2.94,-3.98,1.0,4.932,-0.188
2023-08-01,5.33,4.9,4.17,4.28,306.082,119.689,20777.2,1.352,3.7,156261.0,62.8,123.0,390.0,7.072,8164222.8,3.723,1.607,-0.73,1,2.902,-3.98,0.6,5.384,0.054
2023-09-01,5.33,5.02,4.38,4.47,307.276,120.058,20747.8,1.352,3.7,156417.0,62.7,122.0,389.0,7.2,8056562.75,3.687,1.643,-0.64,1,2.82,-3.66,0.6,5.33,0.0
2023-10-01,5.33,5.07,4.8,4.95,307.696,120.241,20732.9,1.37,3.9,156576.0,62.6,129.0,436.0,7.62,7937207.0,3.251,2.079,-0.27,1,2.82,-3.39,0.2,4.476,-0.854
2023-11-01,5.33,4.88,4.5,4.66,308.148,120.374,20746.5,1.37,3.7,156703.0,62.8,121.0,399.0,7.442,7829861.0,3.133,2.197,-0.38,1,2.942,-3.08,0.6,4.5,-0.83
2023-12-01,5.33,4.46,4.02,4.14,308.741,120.592,20777.9,1.37,3.8,156857.0,62.5,107.0,357.0,6.815,7728448.75,3.316,2.014,-0.44,1,2.795,-2.41,0.4,4.674,-0.656
2024-01-01,5.33,4.32,4.06,4.26,309.698,121.217,20843.9,1.373,3.7,157032.0,62.5,103.0,355.0,6.6425,7669765.8,3.088,2.242,-0.26,1,2.583,-2.05,0.6,4.432,-0.898
2024-02-01,5.33,4.54,4.21,4.38,310.967,121.537,20927.4,1.373,3.9,157238.0,62.6,98.0,336.0,6.776000000000001,7603666.0,3.157,2.173,-0.33,1,2.566,-1.49,0.2,4.336,-0.994
2024-03-01,5.33,4.59,4.21,4.36,312.345,122.009,20973.9,1.373,3.9,157466.0,62.7,95.0,318.0,6.82,7519978.25,3.487,1.843,-0.38,1,2.61,0.13,0.2,4.83,-0.5
2024-04-01,5.33,4.87,4.54,4.66,313.023,122.304,20959.7,1.387,3.9,157530.0,62.6,92.0,323.0,6.9925,7421418.5,3.361,1.969,-0.33,1,2.452,0.96,0.2,4.642,-0.688
2024-05-01,5.33,4.86,4.48,4.62,313.175,122.383,21020.7,1.387,3.9,157608.0,62.6,89.0,312.0,7.06,7320807.8,3.244,2.086,-0.38,1,2.58,0.92,0.2,4.466,-0.864
2024-06-01,5.33,4.74,4.31,4.44,313.044,122.677,21068.4,1.387,4.1,157695.0,62.6,94.0,320.0,6.9175,7249591.5,2.97,2.36,-0.43,1,2.608,1.29,-0.2,3.855,-1.475
2024-07-01,5.33,4.5,4.25,4.46,313.569,122.911,21095.3,1.393,4.2,157748.0,62.7,93.0,316.0,6.8475,7207538.4,2.941,2.389,-0.25,1,2.598,1.46,-0.4,3.711,-1.619
2024-08-01,5.33,3.97,3.87,4.15,314.062,123.128,21186.8,1.393,4.2,157757.0,62.7,100.0,337.0,6.5,7154033.5,2.607,2.723,-0.1,1,2.63,1.97,-0.4,3.21,-2.12
2024-09-01,5.13,3.62,3.72,4.04,314.732,123.466,21269.5,1.393,4.1,157912.0,62.7,96.0,326.0,6.18,7104191.0,2.426,2.704,0.1,0,2.46,2.51,-0.2,3.039,-2.091
2024-10-01,4.83,3.97,4.1,4.38,315.631,123.832,21331.9,1.392,4.1,157945.0,62.5,86.0,293.0,6.428,7035189.4,2.579,2.251,0.13,0,2.328,2.89,-0.2,3.268,-1.562
2024-11-01,4.64,4.26,4.36,4.54,316.528,123.962,21452.2,1.392,4.2,158079.0,62.4,81.0,270.0,6.805,6947569.5,2.719,1.921,0.1,0,2.445,3.4,-0.4,3.378,-1.262
2024-12-01,4.48,4.23,4.39,4.58,317.604,124.196,21485.9,1.392,4.1,158316.0,62.5,80.0,276.0,6.715,6892151.75,2.871,1.609,0.16,0,2.325,3.41,-0.2,3.706,-0.774
2025-01-01,4.33,4.27,4.63,4.85,318.961,124.587,21548.1,1.39,4.0,158268.0,62.6,82.0,272.0,6.958,6838012.2,2.991,1.339,0.36,0,2.328,3.38,-0.0,3.987,-0.343
2025-02-01,4.33,4.21,4.45,4.68,319.679,125.145,21613.5,1.39,4.2,158310.0,62.5,82.0,271.0,6.842499999999999,6793220.25,2.802,1.528,0.24,0,2.392,3.28,-0.4,3.503,-0.827
2025-03-01,4.33,3.97,4.28,4.6,319.785,125.267,21693.7,1.39,4.2,158377.0,62.5,92.0,317.0,6.65,6753142.5,2.382,1.948,0.31,0,2.37,3.43,-0.4,2.873,-1.457
2025-04-01,4.33,3.78,4.28,4.71,320.302,125.502,21775.7,1.395,4.2,158485.0,62.6,111.0,403.0,6.725,6722837.6,2.325,2.005,0.5,0,2.445,3.89,-0.4,2.788,-1.542
2025-05-01,4.33,3.92,4.42,4.9,320.62,125.79,21834.0,1.395,4.3,158498.0,62.4,96.0,335.0,6.816,6696532.25,2.377,1.953,0.5,0,2.396,3.87,-0.6,2.766,-1.564
2025-06-01,4.33,3.89,4.38,4.89,321.435,126.121,21938.8,1.395,4.1,158478.0,62.3,88.0,313.0,6.8175,6673324.0,2.68,1.65,0.49,0,2.438,4.13,-0.2,3.42,-0.91
2025-07-01,4.33,3.88,4.39,4.92,322.169,126.43,22020.0,1.408,4.3,158542.0,62.2,81.0,289.0,6.720000000000001,6656215.2,2.743,1.587,0.51,0,2.33,4.38,-0.6,3.314,-1.016
2025-08-01,4.33,3.7,4.26,4.87,323.291,126.714,22086.9,1.408,4.3,158472.0,62.3,79.0,290.0,6.5875,6626564.25,2.939,1.391,0.56,0,2.328,4.25,-0.6,3.609,-0.721
2025-09-01,4.22,3.57,4.12,4.74,324.245,126.954,22170.3,1.408,4.4,158548.0,62.5,77.0,279.0,6.3525,6606256.25,3.023,1.197,0.55,0,2.232,4.24,-0.8,3.635,-0.585
2025-10-01,4.09,3.52,4.06,4.64,,127.243,22245.1,1.41,,158408.0,,78.0,292.0,6.254,6590191.0,,,0.54,0,2.194,4.28,,,
2025-11-01,3.88,3.55,4.09,4.7,325.063,127.469,22277.4,1.41,4.5,158449.0,62.5,83.0,308.0,6.2375,6565224.0,2.696,1.184,0.54,0,2.148,3.85,-1.0,3.044,-0.836
2025-12-01,3.72,3.5,4.14,4.8,326.031,127.886,22353.5,1.41,4.4,158432.0,62.4,80.0,289.0,6.1899999999999995,6570758.8,2.653,1.067,0.64,0,2.05,4.04,-0.8,3.08,-0.64
2026-01-01,3.64,3.54,4.21,4.84,326.588,128.432,22429.3,1.409,4.3,158592.0,62.1,76.0,274.0,6.1025,6581862.5,2.391,1.249,0.67,0,1.892,4.09,-0.6,2.786,-0.854
2026-02-01,3.64,3.47,4.13,4.76,327.46,128.94,22627.0,1.409,4.4,158436.0,62.0,79.0,292.0,6.0475,6613870.75,2.434,1.206,0.66,0,1.918,4.69,-0.8,2.751,-0.889
2026-03-01,3.64,3.71,4.25,4.85,330.293,129.321,22686.4,1.409,4.3,158650.0,61.9,88.0,319.0,6.1775,6647084.5,3.286,0.354,0.54,0,1.928,4.58,-0.6,4.129,0.489
2026-04-01,3.64,3.8,4.32,4.91,332.407,129.63,22804.5,1.409,4.3,158829.0,61.8,82.0,293.0,6.332,6696456.0,3.779,-0.139,0.52,0,2.012,4.72,-0.6,4.868,1.228
2026-05-01,3.63,4.0,4.48,5.03,333.979,,,1.409,4.3,159001.0,61.8,76.0,277.0,6.4425,6714008.25,4.167,-0.537,0.48,0,1.962,,-0.6,5.45,1.82
2026-06-01,,,,,,,,1.409,,,,74.0,275.0,6.5,6718446.0,,,,0,,,,,
