country_code,quarter,unemployment_rate
AUS,2000-Q1,6.65
AUS,2000-Q2,6.3
AUS,2000-Q3,5.99
AUS,2000-Q4,6.17
AUS,2001-Q1,6.37
AUS,2001-Q2,6.87
AUS,2001-Q3,6.87
AUS,2001-Q4,6.98
AUS,2002-Q1,6.63
AUS,2002-Q2,6.4
AUS,2002-Q3,6.28
AUS,2002-Q4,6.16
AUS,2003-Q1,6.06
AUS,2003-Q2,6.05
AUS,2003-Q3,5.91
AUS,2003-Q4,5.71
AUS,2004-Q1,5.54
AUS,2004-Q2,5.44
AUS,2004-Q3,5.48
AUS,2004-Q4,5.12
AUS,2005-Q1,5.11
AUS,2005-Q2,5.06
AUS,2005-Q3,4.96
AUS,2005-Q4,5.01
AUS,2006-Q1,5.04
AUS,2006-Q2,4.86
AUS,2006-Q3,4.68
AUS,2006-Q4,4.52
AUS,2007-Q1,4.55
AUS,2007-Q2,4.32
AUS,2007-Q3,4.26
AUS,2007-Q4,4.35
AUS,2008-Q1,4.09
AUS,2008-Q2,4.26
AUS,2008-Q3,4.19
AUS,2008-Q4,4.44
AUS,2009-Q1,5.31
AUS,2009-Q2,5.73
AUS,2009-Q3,5.68
AUS,2009-Q4,5.56
AUS,2010-Q1,5.33
AUS,2010-Q2,5.29
AUS,2010-Q3,5.12
AUS,2010-Q4,5.09
AUS,2011-Q1,4.97
AUS,2011-Q2,4.96
AUS,2011-Q3,5.2
AUS,2011-Q4,5.21
AUS,2012-Q1,5.14
AUS,2012-Q2,5.12
AUS,2012-Q3,5.28
AUS,2012-Q4,5.37
AUS,2013-Q1,5.48
AUS,2013-Q2,5.63
AUS,2013-Q3,5.73
AUS,2013-Q4,5.84
AUS,2014-Q1,5.9
AUS,2014-Q2,5.93
AUS,2014-Q3,6.17
AUS,2014-Q4,6.25
AUS,2015-Q1,6.2
AUS,2015-Q2,6.02
AUS,2015-Q3,6.18
AUS,2015-Q4,5.83
AUS,2016-Q1,5.8
AUS,2016-Q2,5.69
AUS,2016-Q3,5.66
AUS,2016-Q4,5.73
AUS,2017-Q1,5.81
AUS,2017-Q2,5.59
AUS,2017-Q3,5.53
AUS,2017-Q4,5.49
AUS,2018-Q1,5.54
AUS,2018-Q2,5.44
AUS,2018-Q3,5.19
AUS,2018-Q4,5.04
AUS,2019-Q1,5.04
AUS,2019-Q2,5.23
AUS,2019-Q3,5.26
AUS,2019-Q4,5.17
AUS,2020-Q1,5.18
AUS,2020-Q2,6.91
AUS,2020-Q3,7.06
AUS,2020-Q4,6.77
AUS,2021-Q1,5.93
AUS,2021-Q2,5.2
AUS,2021-Q3,4.67
AUS,2021-Q4,4.69
AUS,2022-Q1,4.05
AUS,2022-Q2,3.8
AUS,2022-Q3,3.53
AUS,2022-Q4,3.49
AUS,2023-Q1,3.61
AUS,2023-Q2,3.61
AUS,2023-Q3,3.66
AUS,2023-Q4,3.9
AUS,2024-Q1,3.9
AUS,2024-Q2,4.05
AUS,2024-Q3,4.12
AUS,2024-Q4,4.01
AUS,2025-Q1,4.08
AUS,2025-Q2,4.17
AUS,2025-Q3,4.32
AUS,2025-Q4,4.25
AUS,2026-Q1,4.2
CAN,2000-Q1,6.87
CAN,2000-Q2,6.67
CAN,2000-Q3,6.9
CAN,2000-Q4,6.9
CAN,2001-Q1,7.0
CAN,2001-Q2,7.1
CAN,2001-Q3,7.17
CAN,2001-Q4,7.63
CAN,2002-Q1,7.93
CAN,2002-Q2,7.7
CAN,2002-Q3,7.53
CAN,2002-Q4,7.57
CAN,2003-Q1,7.47
CAN,2003-Q2,7.67
CAN,2003-Q3,7.8
CAN,2003-Q4,7.43
CAN,2004-Q1,7.3
CAN,2004-Q2,7.17
CAN,2004-Q3,7.0
CAN,2004-Q4,7.13
CAN,2005-Q1,6.93
CAN,2005-Q2,6.83
CAN,2005-Q3,6.7
CAN,2005-Q4,6.53
CAN,2006-Q1,6.6
CAN,2006-Q2,6.33
CAN,2006-Q3,6.5
CAN,2006-Q4,6.37
CAN,2007-Q1,6.33
CAN,2007-Q2,6.2
CAN,2007-Q3,6.0
CAN,2007-Q4,6.1
CAN,2008-Q1,6.13
CAN,2008-Q2,6.17
CAN,2008-Q3,6.23
CAN,2008-Q4,6.7
CAN,2009-Q1,8.0
CAN,2009-Q2,8.63
CAN,2009-Q3,8.67
CAN,2009-Q4,8.6
CAN,2010-Q1,8.37
CAN,2010-Q2,8.13
CAN,2010-Q3,8.2
CAN,2010-Q4,7.93
CAN,2011-Q1,7.8
CAN,2011-Q2,7.73
CAN,2011-Q3,7.43
CAN,2011-Q4,7.53
CAN,2012-Q1,7.57
CAN,2012-Q2,7.47
CAN,2012-Q3,7.37
CAN,2012-Q4,7.37
CAN,2013-Q1,7.17
CAN,2013-Q2,7.17
CAN,2013-Q3,7.23
CAN,2013-Q4,7.27
CAN,2014-Q1,7.23
CAN,2014-Q2,7.2
CAN,2014-Q3,7.03
CAN,2014-Q4,6.77
CAN,2015-Q1,6.87
CAN,2015-Q2,6.93
CAN,2015-Q3,7.07
CAN,2015-Q4,7.13
CAN,2016-Q1,7.23
CAN,2016-Q2,7.13
CAN,2016-Q3,6.97
CAN,2016-Q4,6.87
CAN,2017-Q1,6.73
CAN,2017-Q2,6.53
CAN,2017-Q3,6.23
CAN,2017-Q4,6.17
CAN,2018-Q1,5.9
CAN,2018-Q2,5.9
CAN,2018-Q3,5.9
CAN,2018-Q4,5.63
CAN,2019-Q1,5.77
CAN,2019-Q2,5.6
CAN,2019-Q3,5.67
CAN,2019-Q4,5.7
CAN,2020-Q1,6.6
CAN,2020-Q2,13.5
CAN,2020-Q3,10.03
CAN,2020-Q4,8.83
CAN,2021-Q1,8.47
CAN,2021-Q2,8.13
CAN,2021-Q3,7.17
CAN,2021-Q4,6.17
CAN,2022-Q1,5.77
CAN,2022-Q2,5.17
CAN,2022-Q3,5.03
CAN,2022-Q4,5.03
CAN,2023-Q1,5.13
CAN,2023-Q2,5.23
CAN,2023-Q3,5.43
CAN,2023-Q4,5.77
CAN,2024-Q1,5.9
CAN,2024-Q2,6.3
CAN,2024-Q3,6.5
CAN,2024-Q4,6.77
CAN,2025-Q1,6.7
CAN,2025-Q2,6.93
CAN,2025-Q3,7.03
CAN,2025-Q4,6.77
CAN,2026-Q1,6.63
DEU,2000-Q1,8.13
DEU,2000-Q2,8.0
DEU,2000-Q3,7.9
DEU,2000-Q4,7.77
DEU,2001-Q1,7.67
DEU,2001-Q2,7.67
DEU,2001-Q3,7.83
DEU,2001-Q4,8.03
DEU,2002-Q1,8.17
DEU,2002-Q2,8.4
DEU,2002-Q3,8.73
DEU,2002-Q4,9.1
DEU,2003-Q1,9.5
DEU,2003-Q2,9.73
DEU,2003-Q3,9.8
DEU,2003-Q4,9.8
DEU,2004-Q1,10.07
DEU,2004-Q2,10.3
DEU,2004-Q3,10.37
DEU,2004-Q4,10.6
DEU,2005-Q1,10.83
DEU,2005-Q2,11.2
DEU,2005-Q3,11.17
DEU,2005-Q4,10.87
DEU,2006-Q1,10.53
DEU,2006-Q2,10.2
DEU,2006-Q3,9.9
DEU,2006-Q4,9.57
DEU,2007-Q1,9.07
DEU,2007-Q2,8.6
DEU,2007-Q3,8.43
DEU,2007-Q4,8.2
DEU,2008-Q1,7.9
DEU,2008-Q2,7.53
DEU,2008-Q3,7.13
DEU,2008-Q4,7.03
DEU,2009-Q1,7.2
DEU,2009-Q2,7.47
DEU,2009-Q3,7.53
DEU,2009-Q4,7.27
DEU,2010-Q1,7.0
DEU,2010-Q2,6.7
DEU,2010-Q3,6.43
DEU,2010-Q4,6.2
DEU,2011-Q1,5.87
DEU,2011-Q2,5.57
DEU,2011-Q3,5.43
DEU,2011-Q4,5.23
DEU,2012-Q1,5.1
DEU,2012-Q2,5.1
DEU,2012-Q3,5.03
DEU,2012-Q4,5.0
DEU,2013-Q1,5.07
DEU,2013-Q2,4.97
DEU,2013-Q3,4.9
DEU,2013-Q4,4.8
DEU,2014-Q1,4.8
DEU,2014-Q2,4.73
DEU,2014-Q3,4.7
DEU,2014-Q4,4.63
DEU,2015-Q1,4.5
DEU,2015-Q2,4.4
DEU,2015-Q3,4.3
DEU,2015-Q4,4.2
DEU,2016-Q1,4.07
DEU,2016-Q2,4.0
DEU,2016-Q3,3.87
DEU,2016-Q4,3.7
DEU,2017-Q1,3.63
DEU,2017-Q2,3.57
DEU,2017-Q3,3.47
DEU,2017-Q4,3.4
DEU,2018-Q1,3.3
DEU,2018-Q2,3.2
DEU,2018-Q3,3.17
DEU,2018-Q4,3.1
DEU,2019-Q1,3.0
DEU,2019-Q2,2.9
DEU,2019-Q3,2.9
DEU,2019-Q4,3.0
DEU,2020-Q1,3.3
DEU,2020-Q2,3.67
DEU,2020-Q3,3.83
DEU,2020-Q4,3.8
DEU,2021-Q1,3.9
DEU,2021-Q2,3.7
DEU,2021-Q3,3.43
DEU,2021-Q4,3.4
DEU,2022-Q1,3.23
DEU,2022-Q2,3.1
DEU,2022-Q3,3.13
DEU,2022-Q4,3.1
DEU,2023-Q1,3.0
DEU,2023-Q2,3.0
DEU,2023-Q3,3.1
DEU,2023-Q4,3.17
DEU,2024-Q1,3.23
DEU,2024-Q2,3.37
DEU,2024-Q3,3.4
DEU,2024-Q4,3.43
DEU,2025-Q1,3.57
DEU,2025-Q2,3.7
DEU,2025-Q3,3.83
DEU,2025-Q4,3.93
DEU,2026-Q1,4.0
ESP,2000-Q1,12.47
ESP,2000-Q2,11.93
ESP,2000-Q3,11.8
ESP,2000-Q4,11.47
ESP,2001-Q1,10.67
ESP,2001-Q2,10.5
ESP,2001-Q3,10.53
ESP,2001-Q4,10.6
ESP,2002-Q1,11.27
ESP,2002-Q2,11.27
ESP,2002-Q3,11.73
ESP,2002-Q4,11.6
ESP,2003-Q1,11.67
ESP,2003-Q2,11.4
ESP,2003-Q3,11.53
ESP,2003-Q4,11.37
ESP,2004-Q1,11.2
ESP,2004-Q2,11.2
ESP,2004-Q3,10.97
ESP,2004-Q4,10.53
ESP,2005-Q1,9.9
ESP,2005-Q2,9.4
ESP,2005-Q3,8.63
ESP,2005-Q4,8.7
ESP,2006-Q1,8.73
ESP,2006-Q2,8.5
ESP,2006-Q3,8.27
ESP,2006-Q4,8.27
ESP,2007-Q1,8.2
ESP,2007-Q2,7.97
ESP,2007-Q3,8.23
ESP,2007-Q4,8.6
ESP,2008-Q1,9.3
ESP,2008-Q2,10.4
ESP,2008-Q3,11.53
ESP,2008-Q4,13.83
ESP,2009-Q1,16.73
ESP,2009-Q2,17.87
ESP,2009-Q3,18.2
ESP,2009-Q4,18.73
ESP,2010-Q1,19.23
ESP,2010-Q2,19.97
ESP,2010-Q3,20.0
ESP,2010-Q4,20.23
ESP,2011-Q1,20.5
ESP,2011-Q2,20.77
ESP,2011-Q3,21.73
ESP,2011-Q4,22.63
ESP,2012-Q1,23.57
ESP,2012-Q2,24.53
ESP,2012-Q3,25.23
ESP,2012-Q4,25.87
ESP,2013-Q1,26.3
ESP,2013-Q2,26.2
ESP,2013-Q3,26.1
ESP,2013-Q4,25.8
ESP,2014-Q1,25.3
ESP,2014-Q2,24.63
ESP,2014-Q3,24.13
ESP,2014-Q4,23.8
ESP,2015-Q1,23.13
ESP,2015-Q2,22.5
ESP,2015-Q3,21.63
ESP,2015-Q4,21.0
ESP,2016-Q1,20.4
ESP,2016-Q2,20.13
ESP,2016-Q3,19.3
ESP,2016-Q4,18.73
ESP,2017-Q1,18.2
ESP,2017-Q2,17.37
ESP,2017-Q3,16.77
ESP,2017-Q4,16.67
ESP,2018-Q1,16.17
ESP,2018-Q2,15.47
ESP,2018-Q3,14.83
ESP,2018-Q4,14.57
ESP,2019-Q1,14.23
ESP,2019-Q2,14.23
ESP,2019-Q3,14.1
ESP,2019-Q4,13.9
ESP,2020-Q1,13.97
ESP,2020-Q2,15.6
ESP,2020-Q3,16.37
ESP,2020-Q4,16.23
ESP,2021-Q1,15.7
ESP,2021-Q2,15.67
ESP,2021-Q3,14.8
ESP,2021-Q4,13.57
ESP,2022-Q1,13.27
ESP,2022-Q2,13.0
ESP,2022-Q3,12.83
ESP,2022-Q4,13.17
ESP,2023-Q1,12.83
ESP,2023-Q2,12.0
ESP,2023-Q3,12.0
ESP,2023-Q4,11.97
ESP,2024-Q1,11.77
ESP,2024-Q2,11.57
ESP,2024-Q3,11.27
ESP,2024-Q4,10.83
ESP,2025-Q1,10.83
ESP,2025-Q2,10.53
ESP,2025-Q3,10.5
ESP,2025-Q4,10.2
ESP,2026-Q1,10.27
FRA,2000-Q1,9.63
FRA,2000-Q2,9.3
FRA,2000-Q3,9.0
FRA,2000-Q4,8.77
FRA,2001-Q1,8.57
FRA,2001-Q2,8.5
FRA,2001-Q3,8.4
FRA,2001-Q4,8.37
FRA,2002-Q1,8.2
FRA,2002-Q2,8.2
FRA,2002-Q3,8.3
FRA,2002-Q4,8.4
FRA,2003-Q1,8.3
FRA,2003-Q2,8.5
FRA,2003-Q3,8.43
FRA,2003-Q4,8.83
FRA,2004-Q1,8.9
FRA,2004-Q2,8.8
FRA,2004-Q3,8.87
FRA,2004-Q4,8.97
FRA,2005-Q1,8.63
FRA,2005-Q2,8.8
FRA,2005-Q3,9.0
FRA,2005-Q4,9.1
FRA,2006-Q1,9.17
FRA,2006-Q2,8.93
FRA,2006-Q3,8.93
FRA,2006-Q4,8.37
FRA,2007-Q1,8.47
FRA,2007-Q2,8.13
FRA,2007-Q3,8.0
FRA,2007-Q4,7.5
FRA,2008-Q1,7.1
FRA,2008-Q2,7.33
FRA,2008-Q3,7.5
FRA,2008-Q4,7.8
FRA,2009-Q1,8.6
FRA,2009-Q2,9.17
FRA,2009-Q3,9.2
FRA,2009-Q4,9.53
FRA,2010-Q1,9.4
FRA,2010-Q2,9.27
FRA,2010-Q3,9.2
FRA,2010-Q4,9.2
FRA,2011-Q1,9.17
FRA,2011-Q2,9.13
FRA,2011-Q3,9.2
FRA,2011-Q4,9.37
FRA,2012-Q1,9.5
FRA,2012-Q2,9.7
FRA,2012-Q3,9.73
FRA,2012-Q4,10.2
FRA,2013-Q1,10.4
FRA,2013-Q2,10.43
FRA,2013-Q3,10.23
FRA,2013-Q4,10.17
FRA,2014-Q1,10.2
FRA,2014-Q2,10.13
FRA,2014-Q3,10.23
FRA,2014-Q4,10.47
FRA,2015-Q1,10.37
FRA,2015-Q2,10.43
FRA,2015-Q3,10.3
FRA,2015-Q4,10.27
FRA,2016-Q1,10.3
FRA,2016-Q2,10.0
FRA,2016-Q3,9.87
FRA,2016-Q4,10.07
FRA,2017-Q1,9.63
FRA,2017-Q2,9.5
FRA,2017-Q3,9.47
FRA,2017-Q4,9.03
FRA,2018-Q1,9.27
FRA,2018-Q2,9.1
FRA,2018-Q3,8.93
FRA,2018-Q4,8.77
FRA,2019-Q1,8.73
FRA,2019-Q2,8.5
FRA,2019-Q3,8.3
FRA,2019-Q4,8.2
FRA,2020-Q1,7.87
FRA,2020-Q2,7.3
FRA,2020-Q3,8.87
FRA,2020-Q4,8.07
FRA,2021-Q1,8.17
FRA,2021-Q2,8.03
FRA,2021-Q3,7.83
FRA,2021-Q4,7.43
FRA,2022-Q1,7.37
FRA,2022-Q2,7.5
FRA,2022-Q3,7.2
FRA,2022-Q4,7.17
FRA,2023-Q1,7.1
FRA,2023-Q2,7.3
FRA,2023-Q3,7.4
FRA,2023-Q4,7.53
FRA,2024-Q1,7.47
FRA,2024-Q2,7.4
FRA,2024-Q3,7.43
FRA,2024-Q4,7.27
FRA,2025-Q1,7.47
FRA,2025-Q2,7.57
FRA,2025-Q3,7.73
FRA,2025-Q4,7.87
FRA,2026-Q1,7.73
GBR,2000-Q1,5.8
GBR,2000-Q2,5.5
GBR,2000-Q3,5.3
GBR,2000-Q4,5.2
GBR,2001-Q1,5.1
GBR,2001-Q2,5.0
GBR,2001-Q3,5.1
GBR,2001-Q4,5.2
GBR,2002-Q1,5.2
GBR,2002-Q2,5.2
GBR,2002-Q3,5.3
GBR,2002-Q4,5.1
GBR,2003-Q1,5.2
GBR,2003-Q2,4.9
GBR,2003-Q3,5.0
GBR,2003-Q4,4.9
GBR,2004-Q1,4.8
GBR,2004-Q2,4.8
GBR,2004-Q3,4.7
GBR,2004-Q4,4.7
GBR,2005-Q1,4.7
GBR,2005-Q2,4.8
GBR,2005-Q3,4.7
GBR,2005-Q4,5.1
GBR,2006-Q1,5.2
GBR,2006-Q2,5.5
GBR,2006-Q3,5.5
GBR,2006-Q4,5.5
GBR,2007-Q1,5.5
GBR,2007-Q2,5.4
GBR,2007-Q3,5.3
GBR,2007-Q4,5.2
GBR,2008-Q1,5.2
GBR,2008-Q2,5.4
GBR,2008-Q3,5.9
GBR,2008-Q4,6.4
GBR,2009-Q1,7.1
GBR,2009-Q2,7.8
GBR,2009-Q3,7.8
GBR,2009-Q4,7.8
GBR,2010-Q1,8.0
GBR,2010-Q2,7.9
GBR,2010-Q3,7.8
GBR,2010-Q4,7.9
GBR,2011-Q1,7.8
GBR,2011-Q2,7.9
GBR,2011-Q3,8.3
GBR,2011-Q4,8.4
GBR,2012-Q1,8.2
GBR,2012-Q2,8.0
GBR,2012-Q3,7.8
GBR,2012-Q4,7.8
GBR,2013-Q1,7.8
GBR,2013-Q2,7.7
GBR,2013-Q3,7.6
GBR,2013-Q4,7.2
GBR,2014-Q1,6.7
GBR,2014-Q2,6.3
GBR,2014-Q3,6.0
GBR,2014-Q4,5.7
GBR,2015-Q1,5.5
GBR,2015-Q2,5.6
GBR,2015-Q3,5.3
GBR,2015-Q4,5.1
GBR,2016-Q1,5.1
GBR,2016-Q2,4.9
GBR,2016-Q3,4.8
GBR,2016-Q4,4.7
GBR,2017-Q1,4.6
GBR,2017-Q2,4.4
GBR,2017-Q3,4.3
GBR,2017-Q4,4.4
GBR,2018-Q1,4.2
GBR,2018-Q2,4.0
GBR,2018-Q3,4.1
GBR,2018-Q4,4.0
GBR,2019-Q1,3.8
GBR,2019-Q2,3.9
GBR,2019-Q3,3.9
GBR,2019-Q4,3.7
GBR,2020-Q1,4.1
GBR,2020-Q2,4.1
GBR,2020-Q3,5.0
GBR,2020-Q4,5.3
GBR,2021-Q1,4.9
GBR,2021-Q2,4.7
GBR,2021-Q3,4.4
GBR,2021-Q4,4.2
GBR,2022-Q1,3.8
GBR,2022-Q2,3.8
GBR,2022-Q3,3.7
GBR,2022-Q4,3.9
GBR,2023-Q1,4.0
GBR,2023-Q2,4.2
GBR,2023-Q3,4.1
GBR,2023-Q4,3.9
GBR,2024-Q1,4.3
GBR,2024-Q2,4.2
GBR,2024-Q3,4.3
GBR,2024-Q4,4.4
GBR,2025-Q1,4.5
GBR,2025-Q2,4.7
GBR,2025-Q3,5.0
GBR,2025-Q4,5.2
ITA,2000-Q1,10.57
ITA,2000-Q2,10.27
ITA,2000-Q3,9.97
ITA,2000-Q4,9.6
ITA,2001-Q1,9.37
ITA,2001-Q2,9.13
ITA,2001-Q3,9.03
ITA,2001-Q4,8.87
ITA,2002-Q1,8.53
ITA,2002-Q2,8.83
ITA,2002-Q3,8.6
ITA,2002-Q4,8.47
ITA,2003-Q1,8.73
ITA,2003-Q2,8.47
ITA,2003-Q3,8.4
ITA,2003-Q4,8.2
ITA,2004-Q1,8.2
ITA,2004-Q2,8.03
ITA,2004-Q3,7.83
ITA,2004-Q4,8.0
ITA,2005-Q1,7.9
ITA,2005-Q2,7.8
ITA,2005-Q3,7.67
ITA,2005-Q4,7.67
ITA,2006-Q1,7.33
ITA,2006-Q2,6.93
ITA,2006-Q3,6.67
ITA,2006-Q4,6.53
ITA,2007-Q1,6.17
ITA,2007-Q2,6.0
ITA,2007-Q3,6.23
ITA,2007-Q4,6.4
ITA,2008-Q1,6.57
ITA,2008-Q2,6.87
ITA,2008-Q3,6.73
ITA,2008-Q4,6.97
ITA,2009-Q1,7.47
ITA,2009-Q2,7.57
ITA,2009-Q3,8.03
ITA,2009-Q4,8.37
ITA,2010-Q1,8.6
ITA,2010-Q2,8.67
ITA,2010-Q3,8.37
ITA,2010-Q4,8.4
ITA,2011-Q1,8.13
ITA,2011-Q2,8.17
ITA,2011-Q3,8.63
ITA,2011-Q4,9.37
ITA,2012-Q1,10.2
ITA,2012-Q2,10.73
ITA,2012-Q3,11.03
ITA,2012-Q4,11.67
ITA,2013-Q1,12.07
ITA,2013-Q2,12.33
ITA,2013-Q3,12.43
ITA,2013-Q4,12.57
ITA,2014-Q1,12.9
ITA,2014-Q2,12.57
ITA,2014-Q3,12.77
ITA,2014-Q4,12.9
ITA,2015-Q1,12.5
ITA,2015-Q2,12.33
ITA,2015-Q3,11.63
ITA,2015-Q4,11.67
ITA,2016-Q1,11.63
ITA,2016-Q2,11.7
ITA,2016-Q3,11.7
ITA,2016-Q4,11.83
ITA,2017-Q1,11.6
ITA,2017-Q2,11.27
ITA,2017-Q3,11.33
ITA,2017-Q4,11.0
ITA,2018-Q1,10.93
ITA,2018-Q2,10.77
ITA,2018-Q3,10.23
ITA,2018-Q4,10.5
ITA,2019-Q1,10.37
ITA,2019-Q2,10.0
ITA,2019-Q3,9.6
ITA,2019-Q4,9.67
ITA,2020-Q1,8.9
ITA,2020-Q2,8.6
ITA,2020-Q3,10.13
ITA,2020-Q4,9.73
ITA,2021-Q1,10.17
ITA,2021-Q2,9.9
ITA,2021-Q3,9.1
ITA,2021-Q4,9.03
ITA,2022-Q1,8.4
ITA,2022-Q2,8.13
ITA,2022-Q3,8.03
ITA,2022-Q4,7.87
ITA,2023-Q1,7.87
ITA,2023-Q2,7.7
ITA,2023-Q3,7.7
ITA,2023-Q4,7.47
ITA,2024-Q1,7.1
ITA,2024-Q2,6.67
ITA,2024-Q3,6.27
ITA,2024-Q4,6.2
ITA,2025-Q1,6.37
ITA,2025-Q2,6.27
ITA,2025-Q3,5.97
ITA,2025-Q4,5.67
ITA,2026-Q1,5.27
JPN,2000-Q1,4.83
JPN,2000-Q2,4.7
JPN,2000-Q3,4.67
JPN,2000-Q4,4.73
JPN,2001-Q1,4.77
JPN,2001-Q2,4.9
JPN,2001-Q3,5.13
JPN,2001-Q4,5.37
JPN,2002-Q1,5.27
JPN,2002-Q2,5.4
JPN,2002-Q3,5.43
JPN,2002-Q4,5.33
JPN,2003-Q1,5.33
JPN,2003-Q2,5.43
JPN,2003-Q3,5.17
JPN,2003-Q4,5.03
JPN,2004-Q1,4.9
JPN,2004-Q2,4.73
JPN,2004-Q3,4.77
JPN,2004-Q4,4.53
JPN,2005-Q1,4.53
JPN,2005-Q2,4.43
JPN,2005-Q3,4.3
JPN,2005-Q4,4.43
JPN,2006-Q1,4.2
JPN,2006-Q2,4.13
JPN,2006-Q3,4.1
JPN,2006-Q4,4.03
JPN,2007-Q1,4.0
JPN,2007-Q2,3.77
JPN,2007-Q3,3.73
JPN,2007-Q4,3.83
JPN,2008-Q1,3.9
JPN,2008-Q2,3.97
JPN,2008-Q3,4.0
JPN,2008-Q4,4.07
JPN,2009-Q1,4.57
JPN,2009-Q2,5.1
JPN,2009-Q3,5.43
JPN,2009-Q4,5.2
JPN,2010-Q1,5.03
JPN,2010-Q2,5.13
JPN,2010-Q3,5.07
JPN,2010-Q4,5.0
JPN,2011-Q1,4.73
JPN,2011-Q2,4.67
JPN,2011-Q3,4.47
JPN,2011-Q4,4.47
JPN,2012-Q1,4.5
JPN,2012-Q2,4.4
JPN,2012-Q3,4.23
JPN,2012-Q4,4.17
JPN,2013-Q1,4.2
JPN,2013-Q2,4.03
JPN,2013-Q3,3.93
JPN,2013-Q4,3.87
JPN,2014-Q1,3.67
JPN,2014-Q2,3.63
JPN,2014-Q3,3.57
JPN,2014-Q4,3.47
JPN,2015-Q1,3.5
JPN,2015-Q2,3.37
JPN,2015-Q3,3.37
JPN,2015-Q4,3.27
JPN,2016-Q1,3.23
JPN,2016-Q2,3.17
JPN,2016-Q3,3.03
JPN,2016-Q4,3.0
JPN,2017-Q1,2.9
JPN,2017-Q2,2.87
JPN,2017-Q3,2.8
JPN,2017-Q4,2.7
JPN,2018-Q1,2.47
JPN,2018-Q2,2.37
JPN,2018-Q3,2.43
JPN,2018-Q4,2.47
JPN,2019-Q1,2.47
JPN,2019-Q2,2.33
JPN,2019-Q3,2.33
JPN,2019-Q4,2.3
JPN,2020-Q1,2.43
JPN,2020-Q2,2.73
JPN,2020-Q3,2.97
JPN,2020-Q4,3.07
JPN,2021-Q1,2.87
JPN,2021-Q2,2.9
JPN,2021-Q3,2.77
JPN,2021-Q4,2.73
JPN,2022-Q1,2.7
JPN,2022-Q2,2.6
JPN,2022-Q3,2.53
JPN,2022-Q4,2.53
JPN,2023-Q1,2.6
JPN,2023-Q2,2.53
JPN,2023-Q3,2.6
JPN,2023-Q4,2.53
JPN,2024-Q1,2.57
JPN,2024-Q2,2.57
JPN,2024-Q3,2.53
JPN,2024-Q4,2.5
JPN,2025-Q1,2.47
JPN,2025-Q2,2.5
JPN,2025-Q3,2.53
JPN,2025-Q4,2.6
JPN,2026-Q1,2.67
KOR,2000-Q1,4.77
KOR,2000-Q2,4.37
KOR,2000-Q3,4.27
KOR,2000-Q4,4.2
KOR,2001-Q1,4.57
KOR,2001-Q2,3.93
KOR,2001-Q3,3.73
KOR,2001-Q4,3.63
KOR,2002-Q1,3.5
KOR,2002-Q2,3.27
KOR,2002-Q3,3.13
KOR,2002-Q4,3.1
KOR,2003-Q1,3.33
KOR,2003-Q2,3.53
KOR,2003-Q3,3.63
KOR,2003-Q4,3.77
KOR,2004-Q1,3.6
KOR,2004-Q2,3.6
KOR,2004-Q3,3.67
KOR,2004-Q4,3.73
KOR,2005-Q1,3.77
KOR,2005-Q2,3.73
KOR,2005-Q3,3.73
KOR,2005-Q4,3.67
KOR,2006-Q1,3.53
KOR,2006-Q2,3.47
KOR,2006-Q3,3.5
KOR,2006-Q4,3.5
KOR,2007-Q1,3.27
KOR,2007-Q2,3.27
KOR,2007-Q3,3.23
KOR,2007-Q4,3.2
KOR,2008-Q1,3.0
KOR,2008-Q2,3.13
KOR,2008-Q3,3.2
KOR,2008-Q4,3.37
KOR,2009-Q1,3.37
KOR,2009-Q2,3.83
KOR,2009-Q3,3.77
KOR,2009-Q4,3.63
KOR,2010-Q1,4.1
KOR,2010-Q2,3.47
KOR,2010-Q3,3.67
KOR,2010-Q4,3.57
KOR,2011-Q1,3.63
KOR,2011-Q2,3.37
KOR,2011-Q3,3.3
KOR,2011-Q4,3.27
KOR,2012-Q1,3.3
KOR,2012-Q2,3.23
KOR,2012-Q3,3.2
KOR,2012-Q4,3.17
KOR,2013-Q1,3.1
KOR,2013-Q2,3.07
KOR,2013-Q3,3.13
KOR,2013-Q4,3.17
KOR,2014-Q1,3.4
KOR,2014-Q2,3.53
KOR,2014-Q3,3.5
KOR,2014-Q4,3.63
KOR,2015-Q1,3.53
KOR,2015-Q2,3.67
KOR,2015-Q3,3.63
KOR,2015-Q4,3.53
KOR,2016-Q1,3.7
KOR,2016-Q2,3.57
KOR,2016-Q3,3.8
KOR,2016-Q4,3.67
KOR,2017-Q1,3.67
KOR,2017-Q2,3.67
KOR,2017-Q3,3.77
KOR,2017-Q4,3.67
KOR,2018-Q1,3.7
KOR,2018-Q2,3.73
KOR,2018-Q3,4.17
KOR,2018-Q4,3.87
KOR,2019-Q1,3.83
KOR,2019-Q2,3.9
KOR,2019-Q3,3.73
KOR,2019-Q4,3.57
KOR,2020-Q1,3.57
KOR,2020-Q2,4.13
KOR,2020-Q3,4.1
KOR,2020-Q4,4.17
KOR,2021-Q1,4.23
KOR,2021-Q2,3.77
KOR,2021-Q3,3.27
KOR,2021-Q4,3.2
KOR,2022-Q1,2.97
KOR,2022-Q2,2.87
KOR,2022-Q3,2.9
KOR,2022-Q4,2.8
KOR,2023-Q1,2.7
KOR,2023-Q2,2.57
KOR,2023-Q3,2.8
KOR,2023-Q4,2.73
KOR,2024-Q1,2.77
KOR,2024-Q2,2.8
KOR,2024-Q3,2.63
KOR,2024-Q4,2.9
KOR,2025-Q1,2.8
KOR,2025-Q2,2.7
KOR,2025-Q3,2.73
KOR,2025-Q4,2.93
KOR,2026-Q1,2.87
NLD,2000-Q1,3.87
NLD,2000-Q2,3.73
NLD,2000-Q3,3.57
NLD,2000-Q4,3.37
NLD,2001-Q1,3.2
NLD,2001-Q2,3.1
NLD,2001-Q3,3.1
NLD,2001-Q4,3.13
NLD,2002-Q1,3.3
NLD,2002-Q2,3.5
NLD,2002-Q3,3.8
NLD,2002-Q4,4.1
NLD,2003-Q1,5.43
NLD,2003-Q2,5.8
NLD,2003-Q3,6.1
NLD,2003-Q4,6.37
NLD,2004-Q1,6.6
NLD,2004-Q2,6.93
NLD,2004-Q3,6.73
NLD,2004-Q4,6.87
NLD,2005-Q1,7.1
NLD,2005-Q2,7.1
NLD,2005-Q3,6.93
NLD,2005-Q4,6.83
NLD,2006-Q1,6.43
NLD,2006-Q2,6.13
NLD,2006-Q3,5.93
NLD,2006-Q4,5.87
NLD,2007-Q1,5.63
NLD,2007-Q2,5.27
NLD,2007-Q3,5.23
NLD,2007-Q4,5.07
NLD,2008-Q1,4.8
NLD,2008-Q2,4.8
NLD,2008-Q3,4.73
NLD,2008-Q4,4.73
NLD,2009-Q1,4.9
NLD,2009-Q2,5.23
NLD,2009-Q3,5.6
NLD,2009-Q4,5.93
NLD,2010-Q1,6.2
NLD,2010-Q2,6.13
NLD,2010-Q3,6.1
NLD,2010-Q4,5.93
NLD,2011-Q1,5.8
NLD,2011-Q2,5.77
NLD,2011-Q3,6.07
NLD,2011-Q4,6.5
NLD,2012-Q1,6.53
NLD,2012-Q2,6.73
NLD,2012-Q3,6.83
NLD,2012-Q4,7.2
NLD,2013-Q1,7.7
NLD,2013-Q2,8.13
NLD,2013-Q3,8.5
NLD,2013-Q4,8.47
NLD,2014-Q1,8.67
NLD,2014-Q2,8.47
NLD,2014-Q3,8.1
NLD,2014-Q4,8.13
NLD,2015-Q1,8.17
NLD,2015-Q2,8.0
NLD,2015-Q3,7.73
NLD,2015-Q4,7.73
NLD,2016-Q1,7.43
NLD,2016-Q2,7.23
NLD,2016-Q3,6.83
NLD,2016-Q4,6.53
NLD,2017-Q1,6.3
NLD,2017-Q2,6.07
NLD,2017-Q3,5.77
NLD,2017-Q4,5.43
NLD,2018-Q1,5.1
NLD,2018-Q2,4.9
NLD,2018-Q3,4.87
NLD,2018-Q4,4.63
NLD,2019-Q1,4.47
NLD,2019-Q2,4.33
NLD,2019-Q3,4.47
NLD,2019-Q4,4.43
NLD,2020-Q1,4.07
NLD,2020-Q2,4.83
NLD,2020-Q3,5.47
NLD,2020-Q4,5.07
NLD,2021-Q1,4.67
NLD,2021-Q2,4.37
NLD,2021-Q3,4.13
NLD,2021-Q4,3.8
NLD,2022-Q1,3.43
NLD,2022-Q2,3.3
NLD,2022-Q3,3.73
NLD,2022-Q4,3.6
NLD,2023-Q1,3.53
NLD,2023-Q2,3.47
NLD,2023-Q3,3.63
NLD,2023-Q4,3.57
NLD,2024-Q1,3.63
NLD,2024-Q2,3.63
NLD,2024-Q3,3.67
NLD,2024-Q4,3.7
NLD,2025-Q1,3.83
NLD,2025-Q2,3.8
NLD,2025-Q3,3.9
NLD,2025-Q4,4.0
NLD,2026-Q1,4.03
SWE,2000-Q1,6.07
SWE,2000-Q2,5.77
SWE,2000-Q3,5.43
SWE,2000-Q4,5.1
SWE,2001-Q1,6.0
SWE,2001-Q2,5.87
SWE,2001-Q3,6.0
SWE,2001-Q4,6.07
SWE,2002-Q1,5.93
SWE,2002-Q2,5.93
SWE,2002-Q3,6.17
SWE,2002-Q4,6.3
SWE,2003-Q1,6.37
SWE,2003-Q2,6.47
SWE,2003-Q3,6.77
SWE,2003-Q4,7.2
SWE,2004-Q1,7.4
SWE,2004-Q2,7.57
SWE,2004-Q3,7.57
SWE,2004-Q4,7.53
SWE,2005-Q1,7.9
SWE,2005-Q2,8.03
SWE,2005-Q3,7.93
SWE,2005-Q4,7.8
SWE,2006-Q1,7.57
SWE,2006-Q2,7.43
SWE,2006-Q3,7.0
SWE,2006-Q4,6.67
SWE,2007-Q1,6.47
SWE,2007-Q2,6.17
SWE,2007-Q3,6.07
SWE,2007-Q4,6.17
SWE,2008-Q1,5.93
SWE,2008-Q2,6.1
SWE,2008-Q3,6.27
SWE,2008-Q4,6.8
SWE,2009-Q1,7.53
SWE,2009-Q2,8.47
SWE,2009-Q3,8.77
SWE,2009-Q4,8.93
SWE,2010-Q1,9.07
SWE,2010-Q2,8.9
SWE,2010-Q3,8.63
SWE,2010-Q4,8.23
SWE,2011-Q1,8.0
SWE,2011-Q2,7.9
SWE,2011-Q3,7.8
SWE,2011-Q4,7.87
SWE,2012-Q1,7.83
SWE,2012-Q2,7.97
SWE,2012-Q3,8.2
SWE,2012-Q4,8.3
SWE,2013-Q1,8.17
SWE,2013-Q2,8.17
SWE,2013-Q3,8.1
SWE,2013-Q4,8.07
SWE,2014-Q1,8.17
SWE,2014-Q2,8.1
SWE,2014-Q3,7.97
SWE,2014-Q4,7.93
SWE,2015-Q1,7.87
SWE,2015-Q2,7.73
SWE,2015-Q3,7.23
SWE,2015-Q4,7.2
SWE,2016-Q1,7.23
SWE,2016-Q2,7.0
SWE,2016-Q3,6.97
SWE,2016-Q4,7.03
SWE,2017-Q1,6.83
SWE,2017-Q2,6.83
SWE,2017-Q3,6.8
SWE,2017-Q4,6.73
SWE,2018-Q1,6.3
SWE,2018-Q2,6.37
SWE,2018-Q3,6.53
SWE,2018-Q4,6.63
SWE,2019-Q1,6.87
SWE,2019-Q2,6.53
SWE,2019-Q3,7.13
SWE,2019-Q4,7.13
SWE,2020-Q1,7.33
SWE,2020-Q2,8.6
SWE,2020-Q3,9.3
SWE,2020-Q4,8.87
SWE,2021-Q1,9.23
SWE,2021-Q2,9.2
SWE,2021-Q3,8.83
SWE,2021-Q4,8.27
SWE,2022-Q1,7.67
SWE,2022-Q2,7.7
SWE,2022-Q3,7.07
SWE,2022-Q4,7.5
SWE,2023-Q1,7.33
SWE,2023-Q2,7.5
SWE,2023-Q3,7.8
SWE,2023-Q4,8.03
SWE,2024-Q1,8.27
SWE,2024-Q2,8.33
SWE,2024-Q3,8.5
SWE,2024-Q4,8.33
SWE,2025-Q1,8.93
SWE,2025-Q2,8.67
SWE,2025-Q3,8.8
SWE,2025-Q4,9.03
SWE,2026-Q1,8.57
USA,2000-Q1,4.03
USA,2000-Q2,3.93
USA,2000-Q3,4.0
USA,2000-Q4,3.9
USA,2001-Q1,4.23
USA,2001-Q2,4.4
USA,2001-Q3,4.83
USA,2001-Q4,5.5
USA,2002-Q1,5.7
USA,2002-Q2,5.83
USA,2002-Q3,5.73
USA,2002-Q4,5.87
USA,2003-Q1,5.87
USA,2003-Q2,6.13
USA,2003-Q3,6.13
USA,2003-Q4,5.83
USA,2004-Q1,5.7
USA,2004-Q2,5.6
USA,2004-Q3,5.43
USA,2004-Q4,5.43
USA,2005-Q1,5.3
USA,2005-Q2,5.1
USA,2005-Q3,4.97
USA,2005-Q4,4.97
USA,2006-Q1,4.73
USA,2006-Q2,4.63
USA,2006-Q3,4.63
USA,2006-Q4,4.43
USA,2007-Q1,4.5
USA,2007-Q2,4.5
USA,2007-Q3,4.67
USA,2007-Q4,4.8
USA,2008-Q1,5.0
USA,2008-Q2,5.33
USA,2008-Q3,6.0
USA,2008-Q4,6.87
USA,2009-Q1,8.27
USA,2009-Q2,9.3
USA,2009-Q3,9.63
USA,2009-Q4,9.93
USA,2010-Q1,9.83
USA,2010-Q2,9.63
USA,2010-Q3,9.47
USA,2010-Q4,9.5
USA,2011-Q1,9.03
USA,2011-Q2,9.07
USA,2011-Q3,9.0
USA,2011-Q4,8.63
USA,2012-Q1,8.27
USA,2012-Q2,8.2
USA,2012-Q3,8.03
USA,2012-Q4,7.8
USA,2013-Q1,7.73
USA,2013-Q2,7.53
USA,2013-Q3,7.23
USA,2013-Q4,6.93
USA,2014-Q1,6.67
USA,2014-Q2,6.2
USA,2014-Q3,6.07
USA,2014-Q4,5.7
USA,2015-Q1,5.53
USA,2015-Q2,5.43
USA,2015-Q3,5.1
USA,2015-Q4,5.03
USA,2016-Q1,4.9
USA,2016-Q2,4.93
USA,2016-Q3,4.9
USA,2016-Q4,4.77
USA,2017-Q1,4.57
USA,2017-Q2,4.37
USA,2017-Q3,4.33
USA,2017-Q4,4.17
USA,2018-Q1,4.03
USA,2018-Q2,3.93
USA,2018-Q3,3.77
USA,2018-Q4,3.83
USA,2019-Q1,3.87
USA,2019-Q2,3.63
USA,2019-Q3,3.6
USA,2019-Q4,3.6
USA,2020-Q1,3.83
USA,2020-Q2,13.0
USA,2020-Q3,8.8
USA,2020-Q4,6.77
USA,2021-Q1,6.23
USA,2021-Q2,5.93
USA,2021-Q3,5.07
USA,2021-Q4,4.17
USA,2022-Q1,3.87
USA,2022-Q2,3.63
USA,2022-Q3,3.53
USA,2022-Q4,3.57
USA,2023-Q1,3.53
USA,2023-Q2,3.53
USA,2023-Q3,3.63
USA,2023-Q4,3.8
USA,2024-Q1,3.83
USA,2024-Q2,3.97
USA,2024-Q3,4.17
USA,2024-Q4,4.13
USA,2025-Q1,4.13
USA,2025-Q2,4.2
USA,2025-Q3,4.33
USA,2025-Q4,4.45
